protospacer,exon,proto_start,proto_end,PAM,PAM_start,PAM_end,ideal_start,ideal_end,ideal_window,strand,nearest_exon_distance,chrom,proto_G+19,sensor_wt,Gene,polyT_or_RE_site
TCAGCCAATCTTAGGATCCT,intron10_11,69276347,69276366,AG,69276367,69276368,69276350,69276354,GCCAA,+,177,5,GCAGCCAATCTTAGGATCCT,AAATAAATACCTAGGATCCTAAGATTGGCTGATAATTCCATT,CDK7,False
AGATCGCACCACTGCACTCC,intron10_11,69276097,69276078,AG,69276076,69276075,69276094,69276090,TCGCA,-,446,5,GGATCGCACCACTGCACTCC,GTCGCCCAGGCTGGAGTGCAGTGGTGCGATCTCGGCTCACTG,CDK7,False
CCAAGCTGATCTCGAACTTC,intron10_11,69276236,69276255,TG,69276256,69276257,69276239,69276243,AGCTG,+,288,5,GCAAGCTGATCTCGAACTTC,CACATGAGGTCAGAAGTTCGAGATCAGCTTGGCCAACGTGGC,CDK7,False
TCAGAAGTTCGAGATCAGCT,intron10_11,69276258,69276239,TG,69276237,69276236,69276255,69276251,GAAGT,-,285,5,GCAGAAGTTCGAGATCAGCT,CCACGTTGGCCAAGCTGATCTCGAACTTCTGACCTCATGTGA,CDK7,False
AATTCCTTCTGTAAACTACA,intron11_12,69276940,69276959,TG,69276960,69276961,69276943,69276947,TCCTT,+,148,5,GATTCCTTCTGTAAACTACA,AAACATTTAGCATGTAGTTTACAGAAGGAATTTATGAAGGGA,CDK7,False
GCAAAGAAATGTAGCTTGCT,intron11_12,69276772,69276791,AG,69276792,69276793,69276775,69276779,AAGAA,+,101,5,GCAAAGAAATGTAGCTTGCT,AATTAAATAGCTAGCAAGCTACATTTCTTTGCTGTTGTTCAG,CDK7,False
ATAATGTAGTTGGAATGCAG,intron11_12,69277005,69277024,TG,69277025,69277026,69277008,69277012,ATGTA,+,83,5,GTAATGTAGTTGGAATGCAG,TTTAACCAGTCACTGCATTCCAACTACATTATTTCACTGACA,CDK7,False
CCTCAGAATTATGGGAACTA,intron11_12,69276894,69276913,TG,69276914,69276915,69276897,69276901,CAGAA,+,194,5,GCTCAGAATTATGGGAACTA,GGTACACATACATAGTTCCCATAATTCTGAGGTATACACAAA,CDK7,False
CCCATTCTTTACATCCTGGG,intron1_2,69235184,69235203,GG,69235204,69235205,69235187,69235191,ATTCT,+,162,5,GCCATTCTTTACATCCTGGG,CAGGGATTCACCCCCAGGATGTAAAGAATGGGCAGCAAGTGC,CDK7,False
GAACTCTGGGCTCTTTGCTT,intron1_2,69235299,69235318,CG,69235319,69235320,69235302,69235306,CTCTG,+,76,5,GAACTCTGGGCTCTTTGCTT,TTACATTTCGCGAAGCAAAGAGCCCAGAGTTCCTGAGCAGAC,CDK7,False
CCACGTTTCCAGCCGCCGCG,intron1_2,69235268,69235287,AG,69235288,69235289,69235271,69235275,CGTTT,+,107,5,GCACGTTTCCAGCCGCCGCG,CCTGAGCAGACTCGCGGCGGCTGGAAACGTGGCGGGTCAGTC,CDK7,False
AACCGTCCAGACGCACTTGC,intron1_2,69235162,69235181,TG,69235182,69235183,69235165,69235169,CGTCC,+,140,5,GACCGTCCAGACGCACTTGC,AAAGAATGGGCAGCAAGTGCGTCTGGACGGTTTCCCCCAACG,CDK7,False
TTTCCCAGGCTGGAGTGTGG,intron2_3,69248418,69248437,AG,69248438,69248439,69248421,69248425,CCCAG,+,3981,5,GTTCCCAGGCTGGAGTGTGG,TGCCATTGCACTCCACACTCCAGCCTGGGAAACAAGAATGAA,CDK7,False
GGCTGGAGTGTGGAGTGCAA,intron2_3,69248425,69248444,TG,69248445,69248446,69248428,69248432,TGGAG,+,3974,5,GGCTGGAGTGTGGAGTGCAA,AACGACATGCCATTGCACTCCACACTCCAGCCTGGGAAACAA,CDK7,False
CTTTACAGGACAGGAGAGAC,intron2_3,69248280,69248261,TG,69248259,69248258,69248277,69248273,TACAG,-,4138,5,GTTTACAGGACAGGAGAGAC,TATATCATGCCAGTCTCTCCTGTCCTGTAAAGTTTCTACTGA,CDK7,False
AGGAGGTTGCGGTGAGCCAA,intron2_3,69248474,69248455,CG,69248453,69248452,69248471,69248467,AGGTT,-,3944,5,GGGAGGTTGCGGTGAGCCAA,AATGGCATGTCGTTGGCTCACCGCAACCTCCTCCTCCCGGGT,CDK7,False
ATCCACCCGCTTTGGCCTCC,intron3_4,69254302,69254283,TG,69254281,69254280,69254299,69254295,CACCC,-,300,5,GTCCACCCGCTTTGGCCTCC,CCCAGCACTTCAGGAGGCCAAAGCGGGTGGATCACGAGGTCA,CDK7,False
AGGCCAAAGCGGGTGGATCA,intron3_4,69254285,69254304,CG,69254305,69254306,69254288,69254292,CCAAA,+,298,5,GGGCCAAAGCGGGTGGATCA,CTCCTGACCTCGTGATCCACCCGCTTTGGCCTCCTGAAGTGC,CDK7,False
GAGTGTAGTGGCGTGATCTC,intron3_4,69254490,69254471,GG,69254469,69254468,69254487,69254483,TGTAG,-,112,5,GAGTGTAGTGGCGTGATCTC,TTGCAGTGAGCCGAGATCACGCCACTACACTCTAGCCTGGGC,CDK7,False
CACTTTGGGAGGGTGAGGTG,intron3_4,69253851,69253870,GG,69253871,69253872,69253854,69253858,TTTGG,+,732,5,GACTTTGGGAGGGTGAGGTG,AGGCGATCTACCCACCTCACCCTCCCAAAGTGCTGGGATTAC,CDK7,False
TCAGCAAGATGACTTGTTCT,intron4_5,69254744,69254763,GG,69254764,69254765,69254747,69254751,GCAAG,+,94,5,GCAGCAAGATGACTTGTTCT,CAAGGCTCATCCAGAACAAGTCATCTTGCTGAGCCTTTAATC,CDK7,False
TGAATTGGAGACTGGAATGA,intron4_5,69255162,69255181,GG,69255182,69255183,69255165,69255169,ATTGG,+,279,5,GGAATTGGAGACTGGAATGA,CCAATGAAAACCTCATTCCAGTCTCCAATTCAAAAGAAAAGT,CDK7,False
CTATGAGGCAGGGACTCTGG,intron4_5,69255023,69255004,GG,69255002,69255001,69255020,69255016,TGAGG,-,335,5,GTATGAGGCAGGGACTCTGG,ACTCACAACTCCCCAGAGTCCCTGCCTCATAGGGAAGTTGTG,CDK7,False
ACTCTCAGCCACTACATGCT,intron4_5,69254936,69254917,AG,69254915,69254914,69254933,69254929,CTCAG,-,248,5,GCTCTCAGCCACTACATGCT,CTAGGGAGCTCTAGCATGTAGTGGCTGAGAGTGTCAACCTGA,CDK7,False
GCACTTTGGGAGGCTCAGGC,intron5_6,69256607,69256588,AG,69256586,69256585,69256604,69256600,CTTTG,-,1060,5,GCACTTTGGGAGGCTCAGGC,GGCGATCTACCTGCCTGAGCCTCCCAAAGTGCTGGGATTATA,CDK7,False
CTTGAACTCCTGACCTCAAG,intron5_6,69256037,69256056,TG,69256057,69256058,69256040,69256044,GAACT,+,528,5,GTTGAACTCCTGACCTCAAG,GCAGGCAGATCACTTGAGGTCAGGAGTTCAAGACCAGCCTGG,CDK7,False
CCAGGTTCAAGCAATTCTTG,intron5_6,69256445,69256464,TG,69256465,69256466,69256448,69256452,GGTTC,+,936,5,GCAGGTTCAAGCAATTCTTG,GAGGCTGAGGCACAAGAATTGCTTGAACCTGGGAGGCAGAGG,CDK7,False
TTATAGATCACAATACTAAT,intron5_6,69256729,69256748,GG,69256749,69256750,69256732,69256736,TAGAT,+,1220,5,GTATAGATCACAATACTAAT,AGGATCAATACCATTAGTATTGTGATCTATAACAGCATCACT,CDK7,False
ACTTCATAGAGTTTCTGTGA,intron6_7,69259591,69259572,GG,69259570,69259569,69259588,69259584,TCATA,-,227,5,GCTTCATAGAGTTTCTGTGA,CAGATTTAATCCTCACAGAAACTCTATGAAGTATGTAAATTA,CDK7,False
CATAGTAGGCACTCAATAAA,intron6_7,69259527,69259508,TG,69259506,69259505,69259524,69259520,AGTAG,-,291,5,GATAGTAGGCACTCAATAAA,TAGTAGGAACCATTTATTGAGTGCCTACTATGAGCCAGTTAT,CDK7,False
TAGTGTAATAACTGGCTCAT,intron6_7,69259544,69259525,AG,69259523,69259522,69259541,69259537,TGTAA,-,274,5,GAGTGTAATAACTGGCTCAT,TGAGTGCCTACTATGAGCCAGTTATTACACTAGACTACAGAA,CDK7,False
AATTTAGCTAGGTAGATGCT,intron6_7,69259292,69259311,AG,69259312,69259313,69259295,69259299,TTAGC,+,507,5,GATTTAGCTAGGTAGATGCT,AGCTAGGTAGCTAGCATCTACCTAGCTAAATTATCAGCTTTG,CDK7,False
GTTCCCATTTACAAGGTAAA,intron7_8,69260487,69260468,TG,69260466,69260465,69260484,69260480,CCCAT,-,532,5,GTTCCCATTTACAAGGTAAA,AATCCTAAGACATTTACCTTGTAAATGGGAACAATTTATACT,CDK7,False
CTCAACATTCAGGAACTCAT,intron7_8,69261248,69261267,AG,69261268,69261269,69261251,69261255,AACAT,+,938,5,GTCAACATTCAGGAACTCAT,GTCCCTGTTTCTATGAGTTCCTGAATGTTGAGCTTAACTGCT,CDK7,False
GCCCCAGATACTTGGAAGGC,intron7_8,69260955,69260936,TG,69260934,69260933,69260952,69260948,CCAGA,-,1000,5,GCCCCAGATACTTGGAAGGC,CGTGCTACCTCAGCCTTCCAAGTATCTGGGGCCACAGGCACG,CDK7,False
AGAATATCCACTGAAATTCT,intron7_8,69260540,69260521,AG,69260519,69260518,69260537,69260533,ATATC,-,585,5,GGAATATCCACTGAAATTCT,GTTAGATAATCTAGAATTTCAGTGGATATTCTTCTACCTAAT,CDK7,False
GTAATCCCAGCACTTTGGGA,intron8_9,69265652,69265671,GG,69265672,69265673,69265655,69265659,ATCCC,+,3367,5,GTAATCCCAGCACTTTGGGA,CCCGCCTTGGCCTCCCAAAGTGCTGGGATTACAGGAGTGAGC,CDK7,False
TTTCACCACATTGCCCAAGT,intron8_9,69265734,69265715,GG,69265713,69265712,69265731,69265727,CACCA,-,3411,5,GTTCACCACATTGCCCAAGT,AGTTTGAGACCCACTTGGGCAATGTGGTGAAACCCTGTCTCT,CDK7,False
TGCTCTGTCACCCAGGCTGG,intron8_9,69265897,69265878,AG,69265876,69265875,69265894,69265890,TCTGT,-,3310,5,GGCTCTGTCACCCAGGCTGG,TGCCACATCACTCCAGCCTGGGTGACAGAGCAAGACACTAGC,CDK7,False
AGGAGTTTGAGACCCACTTG,intron8_9,69265700,69265719,GG,69265720,69265721,69265703,69265707,AGTTT,+,3415,5,GGGAGTTTGAGACCCACTTG,CACCACATTGCCCAAGTGGGTCTCAAACTCCTGAGCTCAAGT,CDK7,False
GGATTACAGGCGTGAGCCAT,intron9_10,69270184,69270165,TG,69270163,69270162,69270181,69270177,TTACA,-,872,5,GGATTACAGGCGTGAGCCAT,TGGCTGGGCACAATGGCTCACGCCTGTAATCCCAGCACTTTG,CDK7,False
CCCAGCTACTCAGGAGGCTG,intron9_10,69270327,69270346,AG,69270347,69270348,69270330,69270334,AGCTA,+,1053,5,GCCAGCTACTCAGGAGGCTG,ATCCTCCTACCTCAGCCTCCTGAGTAGCTGGGACCATAATGT,CDK7,False
GCTTGGTGGTGCACACATTA,intron9_10,69270303,69270322,TG,69270323,69270324,69270306,69270310,TGGTG,+,1029,5,GCTTGGTGGTGCACACATTA,TAGCTGGGACCATAATGTGTGCACCACCAAGCCTGGCTAAAT,CDK7,False
ATACTACAGACATATTTCAC,intron9_10,69270463,69270482,GG,69270483,69270484,69270466,69270470,CTACA,+,1189,5,GTACTACAGACATATTTCAC,GGTAAAGGGTCCGTGAAATATGTCTGTAGTATTACTATTATA,CDK7,False
CTTGTCATAAAGGATTTCCT,intron10_11,26400675,26400656,TG,26400654,26400653,26400672,26400668,GTCAT,-,106,13,GTTGTCATAAAGGATTTCCT,TATGGGAACCCAAGGAAATCCTTTATGACAAGCAAAAATGAG,CDK8,False
CAACTTAAGAGCTGACAAGC,intron10_11,26400631,26400612,AG,26400610,26400609,26400628,26400624,CTTAA,-,62,13,GAACTTAAGAGCTGACAAGC,ATGCTTTCTTCTGCTTGTCAGCTCTTAAGTTGCTCCTCCTCT,CDK8,False
TCATAAAGCAAGAGATGAAC,intron10_11,26400756,26400737,AG,26400735,26400734,26400753,26400749,TAAAG,-,187,13,GCATAAAGCAAGAGATGAAC,AGAGGCATTCCTGTTCATCTCTTGCTTTATGAAATGCTGATC,CDK8,False
ATTACAGCAGGCTACTTGAG,intron10_11,26401095,26401076,GG,26401074,26401073,26401092,26401088,ACAGC,-,174,13,GTTACAGCAGGCTACTTGAG,ACAGCTCAAGCCCTCAAGTAGCCTGCTGTAATATTACTAGTT,CDK8,False
GCAGCTTCTTGTTTCGTGAA,intron11_12,26401369,26401388,TG,26401389,26401390,26401372,26401376,GCTTC,+,41,13,GCAGCTTCTTGTTTCGTGAA,GTTATGGAGGCATTCACGAAACAAGAAGCTGCTAACAGTACT,CDK8,False
TTTCCATTGTGGGTATATTT,intron11_12,26401403,26401422,TG,26401423,26401424,26401406,26401410,CCATT,+,44,13,GTTCCATTGTGGGTATATTT,AGAGGGAGAACAAAATATACCCACAATGGAAAATGTTATGGA,CDK8,False
ACTGAACCCTTGTGTAGTTG,intron12_13,26402423,26402404,GG,26402402,26402401,26402420,26402416,GAACC,-,780,13,GCTGAACCCTTGTGTAGTTG,TAACCATATTCCCAACTACACAAGGGTTCAGTGTGGGAAGGA,CDK8,False
TCTGACCACAAAGGCTGTTA,intron12_13,26402272,26402291,TG,26402292,26402293,26402275,26402279,GACCA,+,667,13,GCTGACCACAAAGGCTGTTA,AAGCAGGCAACATAACAGCCTTTGTGGTCAGATCAAATATGA,CDK8,False
ATTATGCCATTTATTAACTG,intron12_13,26401836,26401855,TG,26401856,26401857,26401839,26401843,ATGCC,+,231,13,GTTATGCCATTTATTAACTG,TCCAAGGTCACACAGTTAATAAATGGCATAATTTGTATTTGA,CDK8,False
GAGATAACTCTGGGAGGTTA,intron12_13,26402157,26402176,AG,26402177,26402178,26402160,26402164,ATAAC,+,552,13,GAGATAACTCTGGGAGGTTA,GGCTGCAACACTTAACCTCCCAGAGTTATCTCATTTAATCCT,CDK8,False
GGGTTTCACTATGTTGGCCA,intron1_2,26319295,26319276,GG,26319274,26319273,26319292,26319288,TTTCA,-,18272,13,GGGTTTCACTATGTTGGCCA,TCGAGACCAGCCTGGCCAACATAGTGAAACCCTGTCTCTACT,CDK8,False
GTCGATGGAAACATATCCTA,intron1_2,26319570,26319589,TG,26319590,26319591,26319573,26319577,GATGG,+,17978,13,GTCGATGGAAACATATCCTA,AATTCATGAACATAGGATATGTTTCCATCGACTTATGTCTTC,CDK8,False
TTTCCCCATTAAATGGCCTT,intron1_2,26319972,26319953,AG,26319951,26319950,26319969,26319965,CCCCA,-,17595,13,GTTCCCCATTAAATGGCCTT,TACAAGGATGCTAAGGCCATTTAATGGGGAAAGGACAGCCCT,CDK8,False
CAATGTGTTACAGCTTTCAC,intron1_2,26319547,26319528,TG,26319526,26319525,26319544,26319540,TGTGT,-,18020,13,GAATGTGTTACAGCTTTCAC,AAGTCTTGTTCAGTGAAAGCTGTAACACATTGCTGAAAGAAA,CDK8,False
CATTCATCTGTTGATGTTCA,intron2_3,26348054,26348035,TG,26348033,26348032,26348051,26348047,TCATC,-,1018,13,GATTCATCTGTTGATGTTCA,GAAAACAATCCATGAACATCAACAGATGAATGGATAAACAAA,CDK8,False
ATTGTATGGTTCCACTTACA,intron2_3,26348185,26348204,TG,26348205,26348206,26348188,26348192,GTATG,+,868,13,GTTGTATGGTTCCACTTACA,CTAGATATTTCATGTAAGTGGAACCATACAATATGTATCCTT,CDK8,False
TTAGCCTATTTCATTCTTTA,intron2_3,26348154,26348135,TG,26348133,26348132,26348151,26348147,GCCTA,-,918,13,GTAGCCTATTTCATTCTTTA,TATATTTATCCATAAAGAATGAAATAGGCTAAGTGAAATAAG,CDK8,False
GAGGTGCAGGGCGGGGGCTG,intron2_3,26348584,26348565,GG,26348563,26348562,26348581,26348577,GTGCA,-,488,13,GAGGTGCAGGGCGGGGGCTG,TGCCCCTTCCCCCAGCCCCCGCCCTGCACCTCCACCCCATTA,CDK8,False
ATGAATAAATGTGCCTTACA,intron3_4,26353118,26353099,AG,26353097,26353096,26353115,26353111,AATAA,-,622,13,GTGAATAAATGTGCCTTACA,CAAGAAAAAACTTGTAAGGCACATTTATTCATAAAGTAATTT,CDK8,False
CATAGAAAGCTTTGATGGAT,intron3_4,26353180,26353199,GG,26353200,26353201,26353183,26353187,AGAAA,+,541,13,GATAGAAAGCTTTGATGGAT,CTGCCTTGTACCATCCATCAAAGCTTTCTATGTATAATGTTG,CDK8,False
AAGGAATAACTAATGATTAA,intron3_4,26352805,26352786,TG,26352784,26352783,26352802,26352798,GAATA,-,935,13,GAGGAATAACTAATGATTAA,CTCCTTTATTCATTAATCATTAGTTATTCCTTACTTGTGTCA,CDK8,False
ACTTACATGTATTGGCCAAG,intron3_4,26352922,26352941,GG,26352942,26352943,26352925,26352929,TACAT,+,799,13,GCTTACATGTATTGGCCAAG,ACAGAGCAGACCCTTGGCCAATACATGTAAGTAAATATTAAG,CDK8,False
AGGGCCATCACAGAATTGAT,intron4_5,26373520,26373539,GG,26373540,26373541,26373523,26373527,GCCAT,+,9275,13,GGGGCCATCACAGAATTGAT,GTAATTAGTACCATCAATTCTGTGATGGCCCTTGCACCATTC,CDK8,False
GGGCACTAGTATGTACAGGA,intron4_5,26373192,26373173,TG,26373171,26373170,26373189,26373185,CACTA,-,9622,13,GGGCACTAGTATGTACAGGA,CTTCCCTCACCATCCTGTACATACTAGTGCCCCCATTATTCT,CDK8,False
TTGCTGTGCTGTATGAATGA,intron4_5,26373366,26373385,AG,26373386,26373387,26373369,26373373,CTGTG,+,9429,13,GTGCTGTGCTGTATGAATGA,GTTAGTGTTCCTTCATTCATACAGCACAGCAAAGGCCAATTA,CDK8,False
ATAATTCACAGGGGTACACT,intron4_5,26372976,26372957,GG,26372955,26372954,26372973,26372969,ATTCA,-,9838,13,GTAATTCACAGGGGTACACT,ACATTTCCTGCCAGTGTACCCCTGTGAATTATGCCATACCCA,CDK8,False
TGCCCTTGTGACTAAAGGTG,intron5_6,26383190,26383171,AG,26383169,26383168,26383187,26383183,CCTTG,-,300,13,GGCCCTTGTGACTAAAGGTG,AGAGGCCAGCCTCACCTTTAGTCACAAGGGCATACATACAGC,CDK8,False
GCCTTAACATACTCCAAGTT,intron5_6,26383840,26383859,TG,26383860,26383861,26383843,26383847,TTAAC,+,988,13,GCCTTAACATACTCCAAGTT,CAAGGAAAGCCAAACTTGGAGTATGTTAAGGCACATCAAATT,CDK8,False
GCATGCTGTATGTATGCCCT,intron5_6,26383204,26383185,TG,26383183,26383182,26383201,26383197,TGCTG,-,314,13,GCATGCTGTATGTATGCCCT,CCTTTAGTCACAAGGGCATACATACAGCATGCTAATAATTCT,CDK8,False
TCAGGGAAAGGCCTACTACG,intron5_6,26383380,26383361,AG,26383359,26383358,26383377,26383373,GGGAA,-,490,13,GCAGGGAAAGGCCTACTACG,ACAAGACTGTCTCGTAGTAGGCCTTTCCCTGATGGGAAAAAA,CDK8,False
TGACAGTCTCCTCCTGTTCT,intron6_7,26388019,26388038,TG,26388039,26388040,26388022,26388026,CAGTC,+,2696,13,GGACAGTCTCCTCCTGTTCT,TGCACAGTAACAAGAACAGGAGGAGACTGTCAGAGACAAGAT,CDK8,False
TTCACTGAACACCTGAGACT,intron6_7,26388558,26388577,TG,26388578,26388579,26388561,26388565,ACTGA,+,3235,13,GTCACTGAACACCTGAGACT,TAAATAAATTCAAGTCTCAGGTGTTCAGTGAATAGGAAATAA,CDK8,False
CTTTGCTGTCAATTAAATGT,intron6_7,26388066,26388085,AG,26388086,26388087,26388069,26388073,TGCTG,+,2743,13,GTTTGCTGTCAATTAAATGT,CTTCTTGAATCTACATTTAATTGACAGCAAAGTCATACAAGT,CDK8,False
ACAAACTATACAAATAAGAA,intron6_7,26388513,26388532,AG,26388533,26388534,26388516,26388520,AACTA,+,3190,13,GCAAACTATACAAATAAGAA,TAGGCAATCACTTTCTTATTTGTATAGTTTGTTAATATGCTT,CDK8,False
GGTACTCAATAAATATTTAC,intron7_8,26394449,26394430,TG,26394428,26394427,26394446,26394442,ACTCA,-,920,13,GGTACTCAATAAATATTTAC,TTTATTTATTCAGTAAATATTTATTGAGTACCTGCCATGTGC,CDK8,False
GTCAAGTACTTAGTAGAAAG,intron7_8,26394209,26394228,TG,26394229,26394230,26394212,26394216,AAGTA,+,718,13,GTCAAGTACTTAGTAGAAAG,TAATAAGAAACACTTTCTACTAAGTACTTGACTAGCCAAAAT,CDK8,False
CTCAGGTCACTATAAACTCA,intron7_8,26394250,26394269,AG,26394270,26394271,26394253,26394257,AGGTC,+,759,13,GTCAGGTCACTATAAACTCA,CTCTATTAGTCTTGAGTTTATAGTGACCTGAGAAATATTCCT,CDK8,False
TATACAGAATCACATTATAT,intron7_8,26393947,26393966,TG,26393967,26393968,26393950,26393954,ACAGA,+,456,13,GATACAGAATCACATTATAT,TGCTATTATTCAATATAATGTGATTCTGTATAGTGCCCTAAA,CDK8,False
AACTAAACTCTCCCAATCCC,intron8_9,26396796,26396777,TG,26396775,26396774,26396793,26396789,TAAAC,-,357,13,GACTAAACTCTCCCAATCCC,AATGCAAAGCCAGGGATTGGGAGAGTTTAGTTTGTATACCTA,CDK8,False
AATCTAAATAAATAAACTTT,intron8_9,26396660,26396679,GG,26396680,26396681,26396663,26396667,CTAAA,+,325,13,GATCTAAATAAATAAACTTT,GTGGCTATTACCAAAGTTTATTTATTTAGATTCTTATTTATT,CDK8,False
ATCAGAAGGACTTTAGCCAA,intron8_9,26397080,26397099,TG,26397100,26397101,26397083,26397087,AGAAG,+,54,13,GTCAGAAGGACTTTAGCCAA,GTTAATTGTACATTGGCTAAAGTCCTTCTGATGAGAATTATT,CDK8,False
GCATCTTAAGAAATAAAGAC,intron8_9,26396528,26396509,TG,26396507,26396506,26396525,26396521,TCTTA,-,155,13,GCATCTTAAGAAATAAAGAC,TTCATGATGACAGTCTTTATTTCTTAAGATGCTTAAATGATT,CDK8,False
GAGGTCTAAGTTAGATCCTT,intron9_10,26398265,26398284,CG,26398285,26398286,26398268,26398272,GTCTA,+,1059,13,GAGGTCTAAGTTAGATCCTT,TCCATAATTTCGAAGGATCTAACTTAGACCTCTAATTTGGGT,CDK8,False
CCTGTGATCCCAGCACTTTG,intron9_10,26398713,26398732,GG,26398733,26398734,26398716,26398720,GTGAT,+,1507,13,GCTGTGATCCCAGCACTTTG,GCCTCGGCCTCCCAAAGTGCTGGGATCACAGGCGTGAGCTAC,CDK8,False
GACCATCCTGGCCAATGTGG,intron9_10,26398772,26398791,TG,26398792,26398793,26398775,26398779,CATCC,+,1566,13,GACCATCCTGGCCAATGTGG,TTAGGAGTTTCACCACATTGGCCAGGATGGTCTCAATCTCCT,CDK8,False
ATTATAATGTACTTACAGTA,intron9_10,26398233,26398252,GG,26398253,26398254,26398236,26398240,ATAAT,+,1027,13,GTTATAATGTACTTACAGTA,TAATTTGGGTCCTACTGTAAGTACATTATAATAAACCATTAT,CDK8,False
ACGGAGCCGGCTGGTGGGGA,intron1_2,127786394,127786413,GG,127786414,127786415,127786397,127786401,GAGCC,+,173,9,GCGGAGCCGGCTGGTGGGGA,GCCTCAGGCTCCTCCCCACCAGCCGGCTCCGTCAGGCCGGGG,CDK9,False
GAGACAGGCTGCCGGGTGGC,intron1_2,127786541,127786560,GG,127786561,127786562,127786544,127786548,ACAGG,+,141,9,GAGACAGGCTGCCGGGTGGC,CGCGGCTACCCCGCCACCCGGCAGCCTGTCTCGTTCGGAGCC,CDK9,False
CTGAGGCCCGTGGTGGGGGC,intron1_2,127786419,127786438,GG,127786439,127786440,127786422,127786426,AGGCC,+,198,9,GTGAGGCCCGTGGTGGGGGC,CAGCCCCTCCCCGCCCCCACCACGGGCCTCAGGCTCCTCCCC,CDK9,False
CGGGATGCCCGGGCCCCCCC,intron1_2,127786298,127786317,CG,127786318,127786319,127786301,127786305,GATGC,+,77,9,GGGGATGCCCGGGCCCCCCC,TCTACCAACTCGGGGGGGGCCCGGGCATCCCGACGTCGGCCC,CDK9,False
CAGAAATTTCCAGGGAATGT,intron2_3,127786899,127786918,GG,127786919,127786920,127786902,127786906,AAATT,+,136,9,GAGAAATTTCCAGGGAATGT,AGGGTGGAAGCCACATTCCCTGGAAATTTCTGAACTACTACA,CDK9,False
CAGTTATGGGTGAGGCCAGG,intron2_3,127786955,127786974,AG,127786975,127786976,127786958,127786962,TTATG,+,192,9,GAGTTATGGGTGAGGCCAGG,TCAACTCCCCCTCCTGGCCTCACCCATAACTGCCTAAGAATG,CDK9,False
AGCTAAGATGGGGTGGAGAA,intron2_3,127787166,127787147,GG,127787145,127787144,127787163,127787159,TAAGA,-,352,9,GGCTAAGATGGGGTGGAGAA,AGGAGCGGTCCCTTCTCCACCCCATCTTAGCTCTAGTACAAC,CDK9,False
CAGTACAGAGCCCAGCCCTG,intron2_3,127787479,127787460,GG,127787458,127787457,127787476,127787472,TACAG,-,39,9,GAGTACAGAGCCCAGCCCTG,CAGTACAGACCCCAGGGCTGGGCTCTGTACTGCGCTCACTCT,CDK9,False
TCTTCCTGCTCCAACCCACG,intron3_4,127787874,127787855,GG,127787853,127787852,127787871,127787867,TCCTG,-,73,9,GCTTCCTGCTCCAACCCACG,GGCATGGGTGCCCGTGGGTTGGAGCAGGAAGAAAGAAGCTGG,CDK9,False
GGTCCTCTTTCATCGTAGCT,intron3_4,127787735,127787754,GG,127787755,127787756,127787738,127787742,CCTCT,+,146,9,GGTCCTCTTTCATCGTAGCT,CGAGGAAGCACCAGCTACGATGAAAGAGGACCAGAAAAAGCA,CDK9,False
CGAGGAAGCACCAGCTACGA,intron3_4,127787766,127787747,TG,127787745,127787744,127787763,127787759,GGAAG,-,139,9,GGAGGAAGCACCAGCTACGA,GGTCCTCTTTCATCGTAGCTGGTGCTTCCTCGGGGCCTGCCC,CDK9,False
TGCCTCTTCTGGGCCAGGGC,intron3_4,127787792,127787773,AG,127787771,127787770,127787789,127787785,CTCTT,-,155,9,GGCCTCTTCTGGGCCAGGGC,TCCTCGGGGCCTGCCCTGGCCCAGAAGAGGCACTCAGAAAAT,CDK9,False
GACATCCACCCGGGAGTGGG,intron4_5,127788182,127788163,AG,127788161,127788160,127788179,127788175,ATCCA,-,32,9,GACATCCACCCGGGAGTGGG,CTGGTCTTGGCTCCCACTCCCGGGTGGATGTCACTAAAGGAC,CDK9,False
TGGGAGCCAAGACCAGCCCA,intron4_5,127788166,127788147,AG,127788145,127788144,127788163,127788159,GAGCC,-,34,9,GGGGAGCCAAGACCAGCCCA,AGGACCCAGGCTTGGGCTGGTCTTGGCTCCCACTCCCGGGTG,CDK9,False
GGAGGACCCAGGCTTGGGCT,intron4_5,127788133,127788152,GG,127788153,127788154,127788136,127788140,GGACC,+,39,9,GGAGGACCCAGGCTTGGGCT,GGAGCCAAGACCAGCCCAAGCCTGGGTCCTCCTCCCAGCTCT,CDK9,False
TCTTGGCTCCCACTCCCGGG,intron4_5,127788155,127788174,TG,127788175,127788176,127788158,127788162,TGGCT,+,40,9,GCTTGGCTCCCACTCCCGGG,TAGTGACATCCACCCGGGAGTGGGAGCCAAGACCAGCCCAAG,CDK9,False
CCCTTCCCCCCAACTGCCAG,intron5_6,127788438,127788457,GG,127788458,127788459,127788441,127788445,TTCCC,+,72,9,GCCTTCCCCCCAACTGCCAG,GCTCAAGAAGCCCTGGCAGTTGGGGGGAAGGGGCCAGGTAGA,CDK9,False
TCCTGAGGCTCAATGCCCCA,intron5_6,127788498,127788479,GG,127788477,127788476,127788495,127788491,TGAGG,-,46,9,GCCTGAGGCTCAATGCCCCA,AGCTGCCGGCCCTGGGGCATTGAGCCTCAGGAGGCCCTCGGG,CDK9,False
TTGGGGGGAAGGGGCCAGGT,intron5_6,127788450,127788431,AG,127788429,127788428,127788447,127788443,GGGGG,-,46,9,GTGGGGGGAAGGGGCCAGGT,GGCCAGGCATCTACCTGGCCCCTTCCCCCCAACTGCCAGGGC,CDK9,False
CCCCTTCCCCCCAACTGCCA,intron5_6,127788437,127788456,GG,127788457,127788458,127788440,127788444,CTTCC,+,71,9,GCCCTTCCCCCCAACTGCCA,CTCAAGAAGCCCTGGCAGTTGGGGGGAAGGGGCCAGGTAGAT,CDK9,False
GGTTCACAGAAGAGAAACCC,intron6_7,127788943,127788924,AG,127788922,127788921,127788940,127788936,TCACA,-,232,9,GGTTCACAGAAGAGAAACCC,TGAGTCAGCGCTGGGTTTCTCTTCTGTGAACCAGAAATGTGA,CDK9,False
TGCAGAGATCGAGGTCCCCC,intron6_7,127788718,127788737,GG,127788738,127788739,127788721,127788725,AGAGA,+,45,9,GGCAGAGATCGAGGTCCCCC,TCCTCCTCTGCCGGGGGACCTCGATCTCTGCACCCCGTGGGG,CDK9,False
TCTGGGAGGGGTCGAGTAGC,intron6_7,127789042,127789061,AG,127789062,127789063,127789045,127789049,GGGAG,+,117,9,GCTGGGAGGGGTCGAGTAGC,GGCTCCCAGACTGCTACTCGACCCCTCCCAGAAGCAGTGCCC,CDK9,False
GACTCAGATGTTCTGCCCAA,intron6_7,127788917,127788898,GG,127788896,127788895,127788914,127788910,TCAGA,-,206,9,GACTCAGATGTTCTGCCCAA,TGTTCTGTGGCCTTGGGCAGAACATCTGAGTCAGCGCTGGGT,CDK9,False
AGGCTGGTCTTGAGCTCCTG,intron10_11,39518376,39518395,GG,39518396,39518397,39518379,39518383,CTGGT,+,839,17,GGGCTGGTCTTGAGCTCCTG,AGCACTTGAGCCCAGGAGCTCAAGACCAGCCTGGGCAACATT,CDK12,False
TTGGGGGGCAGAGGTTGCAG,intron10_11,39518072,39518053,TG,39518051,39518050,39518069,39518065,GGGGG,-,497,17,GTGGGGGGCAGAGGTTGCAG,GATCTTGGCTCACTGCAACCTCTGCCCCCCAAGTTCAAGTGA,CDK12,False
CCCAGCAATTTGGGGGGCTG,intron10_11,39518437,39518418,AG,39518416,39518415,39518434,39518430,AGCAA,-,862,17,GCCAGCAATTTGGGGGGCTG,CTCTTCCTGCCTCAGCCCCCCAAATTGCTGGGCTTAAACTTT,CDK12,False
ACTGCAACCTCTGCCCCCCA,intron10_11,39518052,39518071,AG,39518072,39518073,39518055,39518059,GCAAC,+,515,17,GCTGCAACCTCTGCCCCCCA,ATCACTTGAACTTGGGGGGCAGAGGTTGCAGTGAGCCAAGAT,CDK12,False
TGATTATAGGCGTGAGCTAC,intron11_12,39522703,39522722,CG,39522723,39522724,39522706,39522710,TTATA,+,1952,17,GGATTATAGGCGTGAGCTAC,TGGCTGGGTGCGGTAGCTCACGCCTATAATCACAGCACTTTG,CDK12,False
CATATTGGTGAGACTGGTCT,intron11_12,39522286,39522305,TG,39522306,39522307,39522289,39522293,ATTGG,+,2218,17,GATATTGGTGAGACTGGTCT,GTCGGGACTTCAAGACCAGTCTCACCAATATGGTGAAACTCT,CDK12,False
GTGCCGGGCTCCTGTAATCC,intron11_12,39522587,39522568,AG,39522566,39522565,39522584,39522580,CCGGG,-,2087,17,GTGCCGGGCTCCTGTAATCC,TCCTGAGTAGCTGGATTACAGGAGCCCGGCACCACAGCTGGC,CDK12,False
CTGTAATCCAGCTACTCAGG,intron11_12,39522576,39522557,AG,39522555,39522554,39522573,39522569,TAATC,-,2098,17,GTGTAATCCAGCTACTCAGG,GTGCCTCAGCCTCCTGAGTAGCTGGATTACAGGAGCCCGGCA,CDK12,False
ATGCCTCAGGACCCATCCCT,intron12_13,39525538,39525519,AG,39525517,39525516,39525535,39525531,CCTCA,-,326,17,GTGCCTCAGGACCCATCCCT,TTGCCTATCTCTAGGGATGGGTCCTGAGGCATCTGAATAGGA,CDK12,False
ATTATACATCAGAATTACTA,intron12_13,39525587,39525568,AG,39525566,39525565,39525584,39525580,ATACA,-,277,17,GTTATACATCAGAATTACTA,TTAAATCTCTCTTAGTAATTCTGATGTATAATAAAGGATTGA,CDK12,False
GAGAACTACTTTGTTATAAC,intron12_13,39525365,39525346,AG,39525344,39525343,39525362,39525358,AACTA,-,461,17,GAGAACTACTTTGTTATAAC,TCATATTGAACTGTTATAACAAAGTAGTTCTCCTGTGTTATG,CDK12,False
GGGATGGGTCCTGAGGCATC,intron12_13,39525520,39525539,TG,39525540,39525541,39525523,39525527,ATGGG,+,325,17,GGGATGGGTCCTGAGGCATC,CTCTCCTATTCAGATGCCTCAGGACCCATCCCTAGAGATAGG,CDK12,False
CCAGTTTGTCTGGGACTGAG,intron13_14,39529188,39529169,GG,39529167,39529166,39529185,39529181,GTTTG,-,1416,17,GCAGTTTGTCTGGGACTGAG,CTGGAAAACCCCCTCAGTCCCAGACAAACTGGGACTGTTGGT,CDK12,False
TGATTGGCTGGTTGACAGGG,intron13_14,39529069,39529050,TG,39529048,39529047,39529066,39529062,TTGGC,-,1535,17,GGATTGGCTGGTTGACAGGG,TTTCCCCTGCCACCCTGTCAACCAGCCAATCAGTCAACAAAT,CDK12,False
GTCAACAAATAACTTGGGTG,intron13_14,39529070,39529089,GG,39529090,39529091,39529073,39529077,AACAA,+,1515,17,GTCAACAAATAACTTGGGTG,ATGTATAGTACCCACCCAAGTTATTTGTTGACTGATTGGCTG,CDK12,False
ACCAACAGTCCCAGTTTGTC,intron13_14,39529198,39529179,TG,39529177,39529176,39529195,39529191,AACAG,-,1406,17,GCCAACAGTCCCAGTTTGTC,CCCTCAGTCCCAGACAAACTGGGACTGTTGGTCACCCTGCTT,CDK12,False
CTCACTATGTTGCCCAGCCT,intron1_2,39464772,39464753,GG,39464751,39464750,39464769,39464765,ACTAT,-,1636,17,GTCACTATGTTGCCCAGCCT,TTTGCTGTATCCAGGCTGGGCAACATAGTGAGGCCCCGTTCT,CDK12,False
GTGTGGTGGCGTGCGCCTGT,intron1_2,39465105,39465124,AG,39465125,39465126,39465108,39465112,TGGTG,+,2007,17,GTGTGGTGGCGTGCGCCTGT,GTAGCTGGGACTACAGGCGCACGCCACCACACCCAACTAATT,CDK12,False
CGCCCACCTCGGCCTCCCAA,intron1_2,39465023,39465004,AG,39465002,39465001,39465020,39465016,CCACC,-,1887,17,GGCCCACCTCGGCCTCCCAA,AATCTCAGCACTTTGGGAGGCCGAGGTGGGCGGATCACGAGG,CDK12,False
AGGCATGAGCCACCACGCCT,intron1_2,39464506,39464525,GG,39464526,39464527,39464509,39464513,CATGA,+,1408,17,GGGCATGAGCCACCACGCCT,CATGCATGAGCCAGGCGTGGTGGCTCATGCCTGTAATCCCAG,CDK12,False
TCATGCCTCAACTTCCCAAG,intron2_3,39483951,39483970,TG,39483971,39483972,39483954,39483958,TGCCT,+,6587,17,GCATGCCTCAACTTCCCAAG,TAATCCCAGCCACTTGGGAAGTTGAGGCATGAGAATCACTTG,CDK12,False
AAGGCCAGGAGTTTGAGACC,intron2_3,39484077,39484058,AG,39484056,39484055,39484074,39484070,GCCAG,-,6480,17,GAGGCCAGGAGTTTGAGACC,GTTGGCCATGCTGGTCTCAAACTCCTGGCCTTAAGTGATATG,CDK12,False
TAATTAGGTTTCATAATACA,intron2_3,39484300,39484281,TG,39484279,39484278,39484297,39484293,TTAGG,-,6257,17,GAATTAGGTTTCATAATACA,TTAAATTACACATGTATTATGAAACCTAATTACCACATGTGA,CDK12,False
CCCAAGTGGCTGGGATTACA,intron2_3,39483965,39483984,GG,39483985,39483986,39483968,39483972,AAGTG,+,6573,17,GCCAAGTGGCTGGGATTACA,GTAGCTCATGCCTGTAATCCCAGCCACTTGGGAAGTTGAGGC,CDK12,False
CCTGTAGTCCCAGCTACTCA,intron3_4,39492240,39492221,GG,39492219,39492218,39492237,39492233,GTAGT,-,511,17,GCTGTAGTCCCAGCTACTCA,GCCTCAGCCTCCTGAGTAGCTGGGACTACAGGCGCCTGCCAC,CDK12,False
CAGGCGCCCGCTACCACGCC,intron3_4,39492548,39492567,TG,39492568,39492569,39492551,39492555,GCGCC,+,184,17,GAGGCGCCCGCTACCACGCC,AAAAATTAGCCAGGCGTGGTAGCGGGCGCCTGTAGTCCCAGC,CDK12,False
TGTCGCCCAGGCTGGAGTGC,intron3_4,39492443,39492462,AG,39492463,39492464,39492446,39492450,CGCCC,+,289,17,GGTCGCCCAGGCTGGAGTGC,GAATGCGCCACTGCACTCCAGCCTGGGCGACAGAGCAAGACA,CDK12,False
TCAAGATGGTCTCGATCTCT,intron3_4,39491937,39491918,TG,39491916,39491915,39491934,39491930,AGATG,-,814,17,GCAAGATGGTCTCGATCTCT,ATCATGAGGTCAAGAGATCGAGACCATCTTGACCAACATGGT,CDK12,False
GGGTTTCACCATGTTAGCCA,intron4_5,39493822,39493803,GG,39493801,39493800,39493819,39493815,TTTCA,-,702,17,GGGTTTCACCATGTTAGCCA,TTGAGACCATCCTGGCTAACATGGTGAAACCCCGTTTCTACT,CDK12,False
CCCAGCTACTCAGGAGGCGG,intron4_5,39493878,39493897,AG,39493898,39493899,39493881,39493885,AGCTA,+,627,17,GCCAGCTACTCAGGAGGCGG,ATTCTCCTGCCTCCGCCTCCTGAGTAGCTGGGACTACAGGCG,CDK12,False
CCCAGGCTGCAGGGCACTGG,intron4_5,39493973,39493954,CG,39493952,39493951,39493970,39493966,AGGCT,-,551,17,GCCAGGCTGCAGGGCACTGG,GCGGAGATCGCGCCAGTGCCCTGCAGCCTGGGTGACAGAGCA,CDK12,False
GCAGTGAGTGGATCAATCTC,intron4_5,39493358,39493377,TG,39493378,39493379,39493361,39493365,GTGAG,+,487,17,GCAGTGAGTGGATCAATCTC,CTGCAGTGAGCAGAGATTGATCCACTCACTGCACTCCAGACT,CDK12,False
CTCAAACTCCTGGGCTCAAA,intron5_6,39498612,39498631,TG,39498632,39498633,39498615,39498619,AAACT,+,2619,17,GTCAAACTCCTGGGCTCAAA,GCAAGAGAATCATTTGAGCCCAGGAGTTTGAGGCTACAATAA,CDK12,False
ACTGCTTGAACCCAGGAGGT,intron5_6,39498330,39498311,GG,39498309,39498308,39498327,39498323,GCTTG,-,2920,17,GCTGCTTGAACCCAGGAGGT,ACTGCAGCTTCCACCTCCTGGGTTCAAGCAGTTCTCCTGCCT,CDK12,False
GAAACCAGCCTGGCCCACAT,intron5_6,39498442,39498423,GG,39498421,39498420,39498439,39498435,ACCAG,-,2808,17,GAAACCAGCCTGGCCCACAT,TGGGGTTTCACCATGTGGGCCAGGCTGGTTTCAAACTCCTGA,CDK12,False
AGAAAGAAAGAAAGAAAGAA,intron5_6,39498960,39498941,AG,39498939,39498938,39498957,39498953,AAGAA,-,2290,17,GGAAAGAAAGAAAGAAAGAA,TTCTTTCTTTCTTTCTTTCTTTCTTTCTTTCTTTCTTTCTTT,CDK12,False
ACTACATGTTGAGTATCCCC,intron6_7,39508016,39508035,TG,39508036,39508037,39508019,39508023,ACATG,+,1670,17,GCTACATGTTGAGTATCCCC,GTCTCAAGCACAGGGGATACTCAACATGTAGTACAGAAAAGA,CDK12,False
CAGGCATGTGCCACTACGCC,intron6_7,39507463,39507444,CG,39507442,39507441,39507460,39507456,GCATG,-,2242,17,GAGGCATGTGCCACTACGCC,CAAAATTAGCCGGGCGTAGTGGCACATGCCTGTAATCCCAGC,CDK12,False
AGCATTTCCTTTGAGTGTCA,intron6_7,39508143,39508162,TG,39508163,39508164,39508146,39508150,ATTTC,+,1543,17,GGCATTTCCTTTGAGTGTCA,TGAGTGCCAACATGACACTCAAAGGAAATGCTCAGTGGAACA,CDK12,False
ACTCGGGAGGCAGAGGTTGT,intron6_7,39507475,39507494,AG,39507495,39507496,39507478,39507482,CGGGA,+,2211,17,GCTCGGGAGGCAGAGGTTGT,TCTCGGCTCACTACAACCTCTGCCTCCCGAGTAGCTGGGATT,CDK12,False
GCTGAGGCAGGAGAATTTCT,intron7_8,39510239,39510220,TG,39510218,39510217,39510236,39510232,GAGGC,-,459,17,GCTGAGGCAGGAGAATTTCT,CTCTTGGGTTCAAGAAATTCTCCTGCCTCAGCCTCCCGAGTA,CDK12,False
CCAAGAGGCGGAGGTTGCAG,intron7_8,39510214,39510195,TG,39510193,39510192,39510211,39510207,AGAGG,-,434,17,GCAAGAGGCGGAGGTTGCAG,GATCTCGGCTCACTGCAACCTCCGCCTCTTGGGTTCAAGAAA,CDK12,False
TGGAATAAATAAATTAGAAT,intron7_8,39510559,39510578,GG,39510579,39510580,39510562,39510566,AATAA,+,817,17,GGGAATAAATAAATTAGAAT,AAAATAACTTCCATTCTAATTTATTTATTCCAGCCAAGGGAC,CDK12,False
GTGGCGTGATCTCGGCTCAC,intron7_8,39510176,39510195,TG,39510196,39510197,39510179,39510183,GCGTG,+,434,17,GTGGCGTGATCTCGGCTCAC,GCGGAGGTTGCAGTGAGCCGAGATCACGCCACTGCACTCCAG,CDK12,False
GAGGATCACTTGAAGCCAGG,intron8_9,39514585,39514566,AG,39514564,39514563,39514582,39514578,GATCA,-,1146,17,GAGGATCACTTGAAGCCAGG,TGGTCTTGAACTCCTGGCTTCAAGTGATCCTCCTGCCTAGGC,CDK12,False
CACTTAGAACTTGATGTGGC,intron8_9,39514011,39514030,AG,39514031,39514032,39514014,39514018,TTAGA,+,1701,17,GACTTAGAACTTGATGTGGC,TCAACATTAACTGCCACATCAAGTTCTAAGTGCAATGTTGTC,CDK12,False
GGGATCTCACTACGTTGCCC,intron8_9,39514085,39514104,AG,39514105,39514106,39514088,39514092,ATCTC,+,1627,17,GGGATCTCACTACGTTGCCC,TGAGACCAGGCTGGGCAACGTAGTGAGATCCCAACTCTATAA,CDK12,False
GTCTTGAACTCCTGGCTTCA,intron8_9,39514556,39514575,AG,39514576,39514577,39514559,39514563,TTGAA,+,1156,17,GTCTTGAACTCCTGGCTTCA,AGGAGGATCACTTGAAGCCAGGAGTTCAAGACCAGCCTGGCA,CDK12,False
CCAGGATTGGGCTGGCATTT,intron9_10,39516271,39516290,GG,39516291,39516292,39516274,39516278,GGATT,+,482,17,GCAGGATTGGGCTGGCATTT,ACAAACCCACCCAAATGCCAGCCCAATCCTGGGCTTTCCCCA,CDK12,False
GTCAAGGTGGGAGGACTGTT,intron9_10,39516606,39516587,TG,39516585,39516584,39516603,39516599,AAGGT,-,779,17,GTCAAGGTGGGAGGACTGTT,CTCCTGGGCTCAAACAGTCCTCCCACCTTGACCTCCCAAAGT,CDK12,False
AGCTACTCAGGAGGGTAAGG,intron9_10,39516489,39516470,TG,39516468,39516467,39516486,39516482,TACTC,-,662,17,GGCTACTCAGGAGGGTAAGG,GTGATCCTCCCACCTTACCCTCCTGAGTAGCTTGGACTACAC,CDK12,False
CTCTGTCACCTAGACTGGAG,intron9_10,39516389,39516408,TG,39516409,39516410,39516392,39516396,TGTCA,+,600,17,GTCTGTCACCTAGACTGGAG,CACACCACTGCACTCCAGTCTAGGTGACAGAGCGAGACCCTG,CDK12,False
GTTACTTATCGGTAATTTGC,intron10_11,40078478,40078459,TG,40078457,40078456,40078475,40078471,ACTTA,-,242,7,GTTACTTATCGGTAATTTGC,TGTATAATAACAGCAAATTACCGATAAGTAACAATATATACT,CDK13,False
TAGTCTATTCTCTAGTGATC,intron10_11,40078192,40078211,TG,40078212,40078213,40078195,40078199,TCTAT,+,90,7,GAGTCTATTCTCTAGTGATC,AGGTTTACCTCAGATCACTAGAGAATAGACTAACATTTATAA,CDK13,False
TTATTATGGAATCAGTGATT,intron10_11,40078287,40078306,TG,40078307,40078308,40078290,40078294,TTATG,+,185,7,GTATTATGGAATCAGTGATT,CACACAATCTCAAATCACTGATTCCATAATAATGGTAAAATG,CDK13,False
TTGAGATTGTGTGTTTGGTT,intron10_11,40078306,40078325,TG,40078326,40078327,40078309,40078313,AGATT,+,204,7,GTGAGATTGTGTGTTTGGTT,ACGTAAGCACCAAACCAAACACACAATCTCAAATCACTGATT,CDK13,False
GCACCACTGCACTCCAGCCT,intron11_12,40085316,40085335,GG,40085336,40085337,40085319,40085323,CCACT,+,2791,7,GCACCACTGCACTCCAGCCT,GCTCTGTCACCCAGGCTGGAGTGCAGTGGTGCTATCCCGGCT,CDK13,False
CAGGAGTTCAAGACCAGCCT,intron11_12,40085150,40085169,GG,40085170,40085171,40085153,40085157,GAGTT,+,2957,7,GAGGAGTTCAAGACCAGCCT,CCCATGTTGACCAGGCTGGTCTTGAACTCCTGACCTCAGGTG,CDK13,False
GCTTTCAGGCATCATAAACC,intron11_12,40085652,40085633,CG,40085631,40085630,40085649,40085645,TTCAG,-,2474,7,GCTTTCAGGCATCATAAACC,AATTCTTTGGCGGGTTTATGATGCCTGAAAGCTTCCCAATAT,CDK13,False
TGTGTCTTAGGCAAATAACT,intron11_12,40084882,40084863,GG,40084861,40084860,40084879,40084875,GTCTT,-,3244,7,GGTGTCTTAGGCAAATAACT,GCACAGAGGTCCAGTTATTTGCCTAAGACACATCAAGTAAGT,CDK13,False
TTCCTCAGCATCCGAGTAGC,intron12_13,40088985,40088966,TG,40088964,40088963,40088982,40088978,CTCAG,-,635,7,GTCCTCAGCATCCGAGTAGC,CCTGTAATCCCAGCTACTCGGATGCTGAGGAAGAAGAATCGC,CDK13,False
AATTTAACACCATCTTTAGT,intron12_13,40089645,40089664,TG,40089665,40089666,40089648,40089652,TTAAC,+,1333,7,GATTTAACACCATCTTTAGT,CATAAAACTTCAACTAAAGATGGTGTTAAATTAAAGATGGGT,CDK13,False
AGATGTGAGCCACCATGCCT,intron12_13,40089176,40089157,GG,40089155,40089154,40089173,40089169,TGTGA,-,826,7,GGATGTGAGCCACCATGCCT,GAAGGGAAGGCCAGGCATGGTGGCTCACATCTGTAATCCCAG,CDK13,False
TCAAGTGGTCTGCCCATCGT,intron12_13,40089220,40089201,GG,40089199,40089198,40089217,40089213,AGTGG,-,870,7,GCAAGTGGTCTGCCCATCGT,CTTTGGGAGGCCACGATGGGCAGACCACTTGAGCCCATGAGT,CDK13,False
TTGTTAAAGAATCCATTCCT,intron13_14,40093418,40093399,GG,40093397,40093396,40093415,40093411,TTAAA,-,162,7,GTGTTAAAGAATCCATTCCT,CTGTTTACTTCCAGGAATGGATTCTTTAACAAATTATCCATG,CDK13,False
ATTCCAGCTACTTGGAAGGC,intron13_14,40093786,40093805,TG,40093806,40093807,40093789,40093793,CCAGC,+,325,7,GTTCCAGCTACTTGGAAGGC,CCACCCACCTCAGCCTTCCAAGTAGCTGGAATCACAGGCATG,CDK13,False
ATATTTCTAAGGTAAACCTA,intron13_14,40093458,40093477,TG,40093478,40093479,40093461,40093465,TTTCT,+,240,7,GTATTTCTAAGGTAAACCTA,ATTTCTTAACCATAGGTTTACCTTAGAAATATCTTTATCATT,CDK13,False
TAGCACATGCCTGTGATTCC,intron13_14,40093771,40093790,AG,40093791,40093792,40093774,40093778,CACAT,+,340,7,GAGCACATGCCTGTGATTCC,TTCCAAGTAGCTGGAATCACAGGCATGTGCTACCATGCCCAG,CDK13,False
TGTAACTAACCTGCACGTTG,intron1_2,39961699,39961680,TG,39961678,39961677,39961696,39961692,AACTA,-,9828,7,GGTAACTAACCTGCACGTTG,GGTACATGTGCACAACGTGCAGGTTAGTTACATATGTATACA,CDK13,False
TCCCAAAGTGCTGGGATTAC,intron1_2,39961120,39961101,AG,39961099,39961098,39961117,39961113,CAAAG,-,9249,7,GCCCAAAGTGCTGGGATTAC,TGGCTCACGCCTGTAATCCCAGCACTTTGGGAGGCCAAGGTG,CDK13,False
CGGGAGTTCAAGACCAGCCT,intron1_2,39961148,39961167,GG,39961168,39961169,39961151,39961155,GAGTT,+,9315,7,GGGGAGTTCAAGACCAGCCT,GCCATGTTGGCCAGGCTGGTCTTGAACTCCCGACCTCAAGTA,CDK13,False
CTTGGCCTGTCAAAGTGCTG,intron1_2,39960824,39960843,GG,39960844,39960845,39960827,39960831,GGCCT,+,8991,7,GTTGGCCTGTCAAAGTGCTG,CGCCTGTAATCCCAGCACTTTGACAGGCCAAGGTGGGCAGAT,CDK13,False
AAATGGGATATGGGGAAACA,intron2_3,39993277,39993258,CG,39993256,39993255,39993274,39993270,TGGGA,-,4217,7,GAATGGGATATGGGGAAACA,TTTGTAAATACGTGTTTCCCCATATCCCATTTAATCATTCTA,CDK13,False
ACATATACCTTTAACTAGAA,intron2_3,39993466,39993447,AG,39993445,39993444,39993463,39993459,TATAC,-,4028,7,GCATATACCTTTAACTAGAA,TGTTTCCTTGCTTTCTAGTTAAAGGTATATGTTAGGTTCACT,CDK13,False
TATTACAGGAATGGATGTAT,intron2_3,39993683,39993702,CG,39993703,39993704,39993686,39993690,TACAG,+,3792,7,GATTACAGGAATGGATGTAT,CAGAAGAACACGATACATCCATTCCTGTAATAAGAATATTGG,CDK13,False
CCTCTTTGCAATTAGAAGTG,intron2_3,39993016,39993035,AG,39993036,39993037,39993019,39993023,CTTTG,+,4459,7,GCTCTTTGCAATTAGAAGTG,TACCCTACAGCTCACTTCTAATTGCAAAGAGGAAAATGCACC,CDK13,False
CCGCCTTTAACTGATTAACA,intron3_4,39998189,39998170,GG,39998168,39998167,39998186,39998182,CCTTT,-,506,7,GCGCCTTTAACTGATTAACA,TCCCTTAAAACCTGTTAATCAGTTAAAGGCGGGGAACACTGG,CDK13,False
GTACTCCAGCCTGGGCGACA,intron3_4,39998584,39998603,AG,39998604,39998605,39998587,39998591,CTCCA,+,758,7,GTACTCCAGCCTGGGCGACA,AGGGTCTTGCCTTGTCGCCCAGGCTGGAGTACAGTGGCACAC,CDK13,False
CCAGCTACTCAGGAGGCTAA,intron3_4,39998502,39998521,GG,39998522,39998523,39998505,39998509,GCTAC,+,840,7,GCAGCTACTCAGGAGGCTAA,GATCCTCCTGCCTTAGCCTCCTGAGTAGCTGGAACCACAGGC,CDK13,False
GACAGTGAAGACTTTAAGTT,intron3_4,39998237,39998256,AG,39998257,39998258,39998240,39998244,AGTGA,+,592,7,GACAGTGAAGACTTTAAGTT,AAAATCAGATCTAACTTAAAGTCTTCACTGTCCCTTGGTTAA,CDK13,False
GCCTATAATCCTAGCACTTT,intron4_5,40000114,40000133,GG,40000134,40000135,40000117,40000121,TATAA,+,633,7,GCCTATAATCCTAGCACTTT,TCTCAGCCTCCCAAAGTGCTAGGATTATAGGCATGAGCAATC,CDK13,False
ATAATTGGTGTTTATAATGA,intron4_5,40000651,40000670,TG,40000671,40000672,40000654,40000658,ATTGG,+,1170,7,GTAATTGGTGTTTATAATGA,TTTGATAACACATCATTATAAACACCAATTATTACTCTATGC,CDK13,False
TGGAGGTGGAGGTTGCAGTG,intron4_5,40000468,40000487,AG,40000488,40000489,40000471,40000475,AGGTG,+,987,7,GGGAGGTGGAGGTTGCAGTG,CCAATCTCGGCTCACTGCAACCTCCACCTCCAAGGTTCAAGC,CDK13,False
TCTATGCAGTAATTGCCCTC,intron4_5,40000647,40000628,AG,40000626,40000625,40000644,40000640,ATGCA,-,1128,7,GCTATGCAGTAATTGCCCTC,TTAGAAACTACTGAGGGCAATTACTGCATAGAGTAATAATTG,CDK13,False
CCCGCCTCAGCCTCCTGAGT,intron5_6,40031755,40031774,AG,40031775,40031776,40031758,40031762,GCCTC,+,14062,7,GCCGCCTCAGCCTCCTGAGT,GCAGTCCCGGCTACTCAGGAGGCTGAGGCGGGAGGATCACTT,CDK13,False
GGACCAAAGGCGCATGCCAC,intron5_6,40032191,40032210,TG,40032211,40032212,40032194,40032198,CCAAA,+,13626,7,GGACCAAAGGCGCATGCCAC,TAGCCAGGTGCAGTGGCATGCGCCTTTGGTCCCAGCTACTCA,CDK13,False
CGTATGCCTTGTTCTCCCAA,intron5_6,40032313,40032332,AG,40032333,40032334,40032316,40032320,ATGCC,+,13504,7,GGTATGCCTTGTTCTCCCAA,AATCCCAGCACTTTGGGAGAACAAGGCATACGGATTGCTTGA,CDK13,False
GGGGTCTTGTTATGTTGCCC,intron5_6,40031876,40031895,AG,40031896,40031897,40031879,40031883,GTCTT,+,13941,7,GGGGTCTTGTTATGTTGCCC,GGAGACTACCCTGGGCAACATAACAAGACCCCATTTCTCCCA,CDK13,False
GCCTGTAATCCCAACACTTT,intron6_7,40046740,40046759,GG,40046760,40046761,40046743,40046747,TGTAA,+,734,7,GCCTGTAATCCCAACACTTT,CCTCATCCTCCCAAAGTGTTGGGATTACAGGCTGAGCTGCCC,CDK13,False
CACCCGGCCACTAACAGCTA,intron6_7,40046729,40046710,TG,40046708,40046707,40046726,40046722,CCGGC,-,685,7,GACCCGGCCACTAACAGCTA,AGTTGTGTTACATAGCTGTTAGTGGCCGGGTGGGGCAGCTCA,CDK13,False
GAATCCCAGAAGTGGAGTTG,intron6_7,40046921,40046940,AG,40046941,40046942,40046924,40046928,TCCCA,+,881,7,GAATCCCAGAAGTGGAGTTG,ACTGACTCCACTCAACTCCACTTCTGGGATTCAAGCGATTCT,CDK13,False
AGGGTTTCACCATGTTGGCC,intron6_7,40046830,40046811,AG,40046809,40046808,40046827,40046823,GTTTC,-,786,7,GGGGTTTCACCATGTTGGCC,CAAGACCAGCCTGGCCAACATGGTGAAACCCTGTCTCTACTA,CDK13,False
GAGATGGAAGCCAGGAAACC,intron7_8,40058595,40058614,AG,40058615,40058616,40058598,40058602,ATGGA,+,4212,7,GAGATGGAAGCCAGGAAACC,AATATCTTAACTGGTTTCCTGGCTTCCATCTCTAATTGCACC,CDK13,False
AGGAGAATTGCTTGAATCCA,intron7_8,40058440,40058459,GG,40058460,40058461,40058443,40058447,AGAAT,+,4367,7,GGGAGAATTGCTTGAATCCA,ACCTCTGCCTCCTGGATTCAAGCAATTCTCCTGCCTCTGGAG,CDK13,False
CAAGTAAGACAGCTGATCTT,intron7_8,40057737,40057756,AG,40057757,40057758,40057740,40057744,GTAAG,+,5070,7,GAAGTAAGACAGCTGATCTT,ATGCTGTCATCTAAGATCAGCTGTCTTACTTGCCCATTCTTA,CDK13,False
ATTGCTTGAATCCAGGAGGC,intron7_8,40058446,40058465,AG,40058466,40058467,40058449,40058453,GCTTG,+,4361,7,GTTGCTTGAATCCAGGAGGC,ACTGCAACCTCTGCCTCCTGGATTCAAGCAATTCTCCTGCCT,CDK13,False
CTGTGGGGAGAGATGCATTG,intron9_10,40076451,40076470,GG,40076471,40076472,40076454,40076458,TGGGG,+,1535,7,GTGTGGGGAGAGATGCATTG,AGTCTCATTTCCCAATGCATCTCTCCCCACAGGCCACTCCTT,CDK13,False
ATTACTCCTTGCATGCTACT,intron9_10,40076316,40076297,GG,40076295,40076294,40076313,40076309,ACTCC,-,1689,7,GTTACTCCTTGCATGCTACT,AAATGTCAAACCAGTAGCATGCAAGGAGTAATTCTGAGTAGC,CDK13,False
CTCTAGATCTGGTCCCAATC,intron9_10,40076511,40076492,TG,40076490,40076489,40076508,40076504,TAGAT,-,1494,7,GTCTAGATCTGGTCCCAATC,ACTAGGAAGGCAGATTGGGACCAGATCTAGAGAGCCCATGCT,CDK13,False
GGTCTAGATAATACTGCGGT,intron9_10,40075873,40075854,AG,40075852,40075851,40075870,40075866,CTAGA,-,2132,7,GGTCTAGATAATACTGCGGT,ACAGACAAACCTACCGCAGTATTATCTAGACCCAGGTTATGC,CDK13,False
CCAGCTTGTGCAAGGTGGCA,intron10_11,110669583,110669602,AG,110669603,110669604,110669586,110669590,GCTTG,+,829,6,GCAGCTTGTGCAAGGTGGCA,GAGACAAGGTCTTGCCACCTTGCACAAGCTGGTCTTGAACTC,CDK19,False
CACACCTGACTAATAAATTT,intron10_11,110669342,110669323,TG,110669321,110669320,110669339,110669335,ACCTG,-,1089,6,GACACCTGACTAATAAATTT,TATATTAAATCAAAATTTATTAGTCAGGTGTGGTCATGCACC,CDK19,False
TGTGCAAGGTGGCAAGACCT,intron10_11,110669589,110669608,TG,110669609,110669610,110669592,110669596,GCAAG,+,823,6,GGTGCAAGGTGGCAAGACCT,TTTATAGAGACAAGGTCTTGCCACCTTGCACAAGCTGGTCTT,CDK19,False
CCATTGCACTCCAGCCTGGG,intron10_11,110669435,110669454,TG,110669455,110669456,110669438,110669442,TTGCA,+,977,6,GCATTGCACTCCAGCCTGGG,CTCGCTCTATCACCCAGGCTGGAGTGCAATGGCACAGTTATG,CDK19,False
TGCGTATGTTGAACCAGCCT,intron11_12,110709031,110709012,TG,110709010,110709009,110709028,110709024,GTATG,-,37095,6,GGCGTATGTTGAACCAGCCT,CCTTGGGATGCAAGGCTGGTTCAACATACGCAAATCAATAAA,CDK19,False
AAACCTGCACATTCTACACA,intron11_12,110709461,110709480,TG,110709481,110709482,110709464,110709468,CCTGC,+,36646,6,GAACCTGCACATTCTACACA,TTCTGGAGTACATGTGTAGAATGTGCAGGTTTGTTACATAGG,CDK19,False
ATCAACTCGTCATCTACATT,intron11_12,110709419,110709400,AG,110709398,110709397,110709416,110709412,AACTC,-,36707,6,GTCAACTCGTCATCTACATT,GGAGAAATACCTAATGTAGATGACGAGTTGATGGGTGCAGCA,CDK19,False
ATAATAAATTTGTAACAGTT,intron11_12,110709591,110709572,TG,110709570,110709569,110709588,110709584,ATAAA,-,36535,6,GTAATAAATTTGTAACAGTT,CAAGAAATAGCAAACTGTTACAAATTTATTATGTAAATAGCA,CDK19,False
GAAGTTGTTTCAACATACAG,intron12_13,110764507,110764526,TG,110764527,110764528,110764510,110764514,GTTGT,+,18325,6,GAAGTTGTTTCAACATACAG,CTAGAACTAGCACTGTATGTTGAAACAACTTCTTTCTCCATT,CDK19,False
AACGAACATGTGAGTATATT,intron12_13,110764475,110764456,TG,110764454,110764453,110764472,110764468,GAACA,-,18255,6,GACGAACATGTGAGTATATT,TAGACTCACACAAATATACTCACATGTTCGTTGACAAAGGAA,CDK19,False
GTGGATCACCTGAGGTCGGA,intron12_13,110764724,110764743,AG,110764744,110764745,110764727,110764731,GATCA,+,18542,6,GTGGATCACCTGAGGTCGGA,TGGTCTTGAACTTCCGACCTCAGGTGATCCACCTGCCTCGGC,CDK19,False
ACTAATAAACAATTATAGCA,intron12_13,110763884,110763903,AG,110763904,110763905,110763887,110763891,AATAA,+,17702,6,GCTAATAAACAATTATAGCA,ACCCTGCAATCTTGCTATAATTGTTTATTAGTTCCAGGAGTT,CDK19,False
GACTTGAGGTCAGGAGTTTG,intron1_2,110617563,110617582,AG,110617583,110617584,110617566,110617570,TTGAG,+,2916,6,GACTTGAGGTCAGGAGTTTG,TCAGGCTGGTCTCAAACTCCTGACCTCAAGTCATCCACCTTC,CDK19,False
TGTGTGTGTGTGTGTGTGTG,intron1_2,110617689,110617670,TG,110617668,110617667,110617686,110617682,GTGTG,-,3004,6,GGTGTGTGTGTGTGTGTGTG,TATATACACACACACACACACACACACACACACACACACACA,CDK19,False
GAAACATGATTGGACAGAAG,intron1_2,110617448,110617429,GG,110617427,110617426,110617445,110617441,ACATG,-,2763,6,GAAACATGATTGGACAGAAG,CAGATCATACCCCTTCTGTCCAATCATGTTTCTACATGGCTG,CDK19,False
TGTGTGTGTGTGTGTGTGTG,intron1_2,110617699,110617680,TG,110617678,110617677,110617696,110617692,GTGTG,-,3014,6,GGTGTGTGTGTGTGTGTGTG,CACACACACACACACACACACACACACACACACACACAAATT,CDK19,False
CCTGGGGGAGCAATCTATGT,intron2_3,110621462,110621481,GG,110621482,110621483,110621465,110621469,GGGGG,+,111,6,GCTGGGGGAGCAATCTATGT,CTCTAGTGTCCCACATAGATTGCTCCCCCAGGTTGGTCAGCA,CDK19,False
TAACACACACCGGAAGCTCA,intron2_3,110621870,110621889,GG,110621890,110621891,110621873,110621877,CACAC,+,199,6,GAACACACACCGGAAGCTCA,CTCACAGATACCTGAGCTTCCGGTGTGTGTTACAGCCAGTTC,CDK19,False
ATCAGTCACAGACATCTCAC,intron2_3,110621615,110621634,TG,110621635,110621636,110621618,110621622,AGTCA,+,264,6,GTCAGTCACAGACATCTCAC,CTGTGGCCTTCAGTGAGATGTCTGTGACTGATTTGGAGGATC,CDK19,False
ATGTATTTCTAATGTGCCTG,intron2_3,110621663,110621644,TG,110621642,110621641,110621660,110621656,TATTT,-,274,6,GTGTATTTCTAATGTGCCTG,CACTGAAGGCCACAGGCACATTAGAAATACATTTCTTATAGC,CDK19,False
CTTGGGGTTAAGAAGGATGA,intron3_4,110622437,110622456,AG,110622457,110622458,110622440,110622444,GGGGT,+,290,6,GTTGGGGTTAAGAAGGATGA,CTCTCTACTCCTTCATCCTTCTTAACCCCAAGTATAGACTTT,CDK19,False
TCAGTAGCAAGTGCTTCCCT,intron3_4,110622729,110622748,TG,110622749,110622750,110622732,110622736,GTAGC,+,67,6,GCAGTAGCAAGTGCTTCCCT,TGGTTGAAAGCAAGGGAAGCACTTGCTACTGAAGTATTTAAC,CDK19,False
TGAGGAGGCTGCATGGTGGT,intron3_4,110622776,110622757,TG,110622755,110622754,110622773,110622769,GGAGG,-,39,6,GGAGGAGGCTGCATGGTGGT,CCCTTGCTTTCAACCACCATGCAGCCTCCTCAGCCTGGAGCA,CDK19,False
CAACTAGCTAGCAGCAGTCA,intron3_4,110622318,110622299,AG,110622297,110622296,110622315,110622311,CTAGC,-,133,6,GAACTAGCTAGCAGCAGTCA,GTGTTCAAATCTTGACTGCTGCTAGCTAGTTGACATATAGGA,CDK19,False
CTAAAGAGGAGGAATAGCTG,intron4_5,110623208,110623227,AG,110623228,110623229,110623211,110623215,AAGAG,+,63,6,GTAAAGAGGAGGAATAGCTG,CTTCTATTTACTCAGCTATTCCTCCTCTTTAGAAACAAAAGA,CDK19,False
AGCTGAGTAAATAGAAGGCG,intron4_5,110623223,110623242,AG,110623243,110623244,110623226,110623230,TGAGT,+,48,6,GGCTGAGTAAATAGAAGGCG,CAGCACAAATCTCGCCTTCTATTTACTCAGCTATTCCTCCTC,CDK19,False
AGTAAATAGAAGGCGAGATT,intron4_5,110623228,110623247,TG,110623248,110623249,110623231,110623235,AAATA,+,43,6,GGTAAATAGAAGGCGAGATT,ATTCTCAGCACAAATCTCGCCTTCTATTTACTCAGCTATTCC,CDK19,False
CAGCATCCACTAATTTCTTT,intron4_5,110623183,110623202,TG,110623203,110623204,110623186,110623190,CATCC,+,88,6,GAGCATCCACTAATTTCTTT,TCTTTAGAAACAAAAGAAATTAGTGGATGCTGGGGTAAAATT,CDK19,False
CTGTTAACATATATAGTTCA,intron5_6,110626250,110626231,GG,110626229,110626228,110626247,110626243,TTAAC,-,526,6,GTGTTAACATATATAGTTCA,GCAGCCTAAACCTGAACTATATATGTTAACAGTATCTGGAAA,CDK19,False
AATCCCACTCCTCAAAGCAA,intron5_6,110626511,110626492,AG,110626490,110626489,110626508,110626504,CCCAC,-,265,6,GATCCCACTCCTCAAAGCAA,GAATTGAGGGCTTTGCTTTGAGGAGTGGGATTAATGCCTTGT,CDK19,False
GGTGACTGACATGCTGGACT,intron5_6,110626095,110626076,AG,110626074,110626073,110626092,110626088,GACTG,-,681,6,GGTGACTGACATGCTGGACT,TCCAGGTTTCCTAGTCCAGCATGTCAGTCACCAGTCATTACT,CDK19,False
AGCAGAAAGCAACCTTCATG,intron5_6,110626609,110626628,GG,110626629,110626630,110626612,110626616,AGAAA,+,148,6,GGCAGAAAGCAACCTTCATG,TGTTTGTAATCCCATGAAGGTTGCTTTCTGCTTCCAGGGTGA,CDK19,False
TTTATAAACTAACATAATTA,intron6_7,110626920,110626901,GG,110626899,110626898,110626917,110626913,ATAAA,-,56,6,GTTATAAACTAACATAATTA,TTTAAAATCTCCTAATTATGTTAGTTTATAAATATACATTAA,CDK19,False
TATAAACTAACATAATTAGG,intron6_7,110626918,110626899,AG,110626897,110626896,110626915,110626911,AAACT,-,54,6,GATAAACTAACATAATTAGG,AATTTAAAATCTCCTAATTATGTTAGTTTATAAATATACATT,CDK19,False
ATTTATAAACTAACATAATT,intron6_7,110626921,110626902,AG,110626900,110626899,110626918,110626914,TATAA,-,57,6,GTTTATAAACTAACATAATT,TTAAAATCTCCTAATTATGTTAGTTTATAAATATACATTAAA,CDK19,False
TAGCAAATCTCTGAAGCCAC,intron7_8,110631396,110631415,TG,110631416,110631417,110631399,110631403,CAAAT,+,615,6,GAGCAAATCTCTGAAGCCAC,TGCCTCAGAACAGTGGCTTCAGAGATTTGCTACCTGGTGACT,CDK19,False
ATATTGCAGCACTGTGCTAG,intron7_8,110630836,110630855,AG,110630856,110630857,110630839,110630843,TTGCA,+,1175,6,GTATTGCAGCACTGTGCTAG,GAGACACAGACTCTAGCACAGTGCTGCAATATTGTAAATTAT,CDK19,False
GAAACTGCCATTCTCATAAC,intron7_8,110631550,110631569,TG,110631570,110631571,110631553,110631557,ACTGC,+,461,6,GAAACTGCCATTCTCATAAC,CTTGCCATTACAGTTATGAGAATGGCAGTTTCTCCATTAAGG,CDK19,False
TGTAAATTATTGATAAATAC,intron7_8,110630835,110630816,TG,110630814,110630813,110630832,110630828,AAATT,-,1195,6,GGTAAATTATTGATAAATAC,AACTATTCAGCAGTATTTATCAATAATTTACAATATTGCAGC,CDK19,False
TCCCAAGTAGCTGGGACTAC,intron8_9,110637878,110637859,AG,110637857,110637856,110637875,110637871,CAAGT,-,771,6,GCCCAAGTAGCTGGGACTAC,TGGCGGGAGCCTGTAGTCCCAGCTACTTGGGAGACTGAGGCA,CDK19,False
TCAAGCCCACCCTGCTGTTT,intron8_9,110637528,110637509,AG,110637507,110637506,110637525,110637521,AGCCC,-,1121,6,GCAAGCCCACCCTGCTGTTT,AAGTAGAAAACTAAACAGCAGGGTGGGCTTGAAATAGGGCAG,CDK19,False
ATGTTAATTAAGTAGCTGGT,intron8_9,110637379,110637360,AG,110637358,110637357,110637376,110637372,TTAAT,-,1270,6,GTGTTAATTAAGTAGCTGGT,AGAAGGAAAGCTACCAGCTACTTAATTAACATCAACAAACTT,CDK19,False
AATTATGGTGGAAGTGGGGG,intron8_9,110637321,110637340,AG,110637341,110637342,110637324,110637328,TATGG,+,1309,6,GATTATGGTGGAAGTGGGGG,CTTCTCTTCCCTCCCCCACTTCCACCATAATTTCTCACTTGT,CDK19,False
AAGGAAACCTAGATGCTACC,intron9_10,110643130,110643149,AG,110643150,110643151,110643133,110643137,GAAAC,+,4443,6,GAGGAAACCTAGATGCTACC,TTGGCTTCTACTGGTAGCATCTAGGTTTCCTTTAGTGCCCTT,CDK19,False
GCACTTCAGCAAGGACACTG,intron9_10,110643037,110643056,AG,110643057,110643058,110643040,110643044,CTTCA,+,4350,6,GCACTTCAGCAAGGACACTG,TGGCCCAAGGCTCAGTGTCCTTGCTGAAGTGCATTATTGGCA,CDK19,False
CTGGTTTATTTAATTTAATG,intron9_10,110643445,110643426,TG,110643424,110643423,110643442,110643438,GTTTA,-,4720,6,GTGGTTTATTTAATTTAATG,TGGAGATCATCACATTAAATTAAATAAACCAGGCATAGAAAG,CDK19,False
ATGCTACCAGTAGAAGCCAA,intron9_10,110643142,110643161,AG,110643162,110643163,110643145,110643149,CTACC,+,4455,6,GTGCTACCAGTAGAAGCCAA,AAGGGGTTTGCTTTGGCTTCTACTGGTAGCATCTAGGTTTCC,CDK19,False
GCTCTCTTCCGGTCCCTGGA,intron1_2,55967224,55967205,CG,55967203,55967202,55967221,55967217,CTCTT,-,81,12,GCTCTCTTCCGGTCCCTGGA,GGCGGGTAGCCGTCCAGGGACCGGAAGAGAGCAGGGAGGGAC,CDK2,False
GACACCACCCAGCACCCCCT,intron1_2,55967771,55967752,AG,55967750,55967749,55967768,55967764,ACCAC,-,86,12,GACACCACCCAGCACCCCCT,TCTCACTTTCCTAGGGGGTGCTGGGTGGTGTCTCCTTGGGGG,CDK2,False
AAGTAAAGCCGCCTGGTGAA,intron1_2,55967641,55967622,GG,55967620,55967619,55967638,55967634,TAAAG,-,216,12,GAGTAAAGCCGCCTGGTGAA,CCCTGCTTCACCTTCACCAGGCGGCTTTACTTACCTACCCCT,CDK2,False
CACTTTCCTAGGGGGTGCTG,intron1_2,55967743,55967762,GG,55967763,55967764,55967746,55967750,TTTCC,+,95,12,GACTTTCCTAGGGGGTGCTG,GGAGACACCACCCAGCACCCCCTAGGAAAGTGAGAGAAGAGA,CDK2,False
TAAGTTCTGTCTGTACAGTG,intron2_3,55967976,55967995,TG,55967996,55967997,55967979,55967983,GTTCT,+,54,12,GAAGTTCTGTCTGTACAGTG,GAGAAATGCCCACACTGTACAGACAGAACTTATCCTCCTTTC,CDK2,False
GATAAGTTCTGTCTGTACAG,intron2_3,55967974,55967993,TG,55967994,55967995,55967977,55967981,AAGTT,+,56,12,GATAAGTTCTGTCTGTACAG,GAAATGCCCACACTGTACAGACAGAACTTATCCTCCTTTCCA,CDK2,False
AAGTTCTGTCTGTACAGTGT,intron2_3,55967977,55967996,GG,55967997,55967998,55967980,55967984,TTCTG,+,53,12,GAGTTCTGTCTGTACAGTGT,AGAGAAATGCCCACACTGTACAGACAGAACTTATCCTCCTTT,CDK2,False
AGTTCTGTCTGTACAGTGTG,intron2_3,55967978,55967997,GG,55967998,55967999,55967981,55967985,TCTGT,+,52,12,GGTTCTGTCTGTACAGTGTG,GAGAGAAATGCCCACACTGTACAGACAGAACTTATCCTCCTT,CDK2,False
GCTCTCAAATCCCGTTTATC,intron3_4,55968439,55968420,TG,55968418,55968417,55968436,55968432,CTCAA,-,251,12,GCTCTCAAATCCCGTTTATC,AGATGAAACTCAGATAAACGGGATTTGAGAGCACTTGGTAAA,CDK2,False
TCTCAAATCCCGTTTATCTG,intron3_4,55968437,55968418,AG,55968416,55968415,55968434,55968430,CAAAT,-,249,12,GCTCAAATCCCGTTTATCTG,TCAGATGAAACTCAGATAAACGGGATTTGAGAGCACTTGGTA,CDK2,False
ATTTCTCCCAATGGACTGTC,intron3_4,55968653,55968634,AG,55968632,55968631,55968650,55968646,TCTCC,-,125,12,GTTTCTCCCAATGGACTGTC,CCTCTCTGGGCTGACAGTCCATTGGGAGAAATAGCTTGTAAA,CDK2,False
TTGGACTGAACAATCAAAGT,intron3_4,55968346,55968365,TG,55968366,55968367,55968349,55968353,GACTG,+,196,12,GTGGACTGAACAATCAAAGT,ACTAGAGTTTCAACTTTGATTGTTCAGTCCAACCCTAGGGTT,CDK2,False
CACCTGTAATACCAATACTT,intron4_5,55969125,55969144,TG,55969145,55969146,55969128,55969132,CTGTA,+,196,12,GACCTGTAATACCAATACTT,CTCAGCCTCCCAAAGTATTGGTATTACAGGTGTGGGCCCAGT,CDK2,False
CTATGGACTGGAAATCAGTG,intron4_5,55969319,55969338,GG,55969339,55969340,55969322,55969326,TGGAC,+,137,12,GTATGGACTGGAAATCAGTG,TCTTTCCCCTCCCACTGATTTCCAGTCCATAGTTCTGGACTG,CDK2,False
TTAAGAGGCCAAGAGTAAGC,intron4_5,55969375,55969394,AG,55969395,55969396,55969378,55969382,AGAGG,+,81,12,GTAAGAGGCCAAGAGTAAGC,CAACACTACTCTGCTTACTCTTGGCCTCTTAACAAGCAGTTT,CDK2,False
TTTGTAGATTTGTAGAGATG,intron4_5,55969235,55969216,GG,55969214,55969213,55969232,55969228,GTAGA,-,240,12,GTTGTAGATTTGTAGAGATG,ATAGCGAGACCCCATCTCTACAAATCTACAAAAAGAAAAAAT,CDK2,False
AGTGTCTACCCCCTACCCCG,intron5_6,55970723,55970742,TG,55970743,55970744,55970726,55970730,GTCTA,+,302,12,GGTGTCTACCCCCTACCCCG,CCAAGCCACTCACGGGGTAGGGGGTAGACACTGCGGTCATCC,CDK2,False
CCAGACCCACCCAGCCTTGG,intron5_6,55970801,55970820,GG,55970821,55970822,55970804,55970808,GACCC,+,224,12,GCAGACCCACCCAGCCTTGG,CTTTGCAGATCCCCAAGGCTGGGTGGGTCTGGGAGGGGGTGA,CDK2,False
CTACATAAAGCCAGGCTTCA,intron5_6,55970389,55970370,AG,55970368,55970367,55970386,55970382,CATAA,-,655,12,GTACATAAAGCCAGGCTTCA,CTGAAGGATCCTTGAAGCCTGGCTTTATGTAGAAGCTCCCAT,CDK2,False
AATCCCAAGTAGCCACACCT,intron5_6,55970158,55970139,GG,55970137,55970136,55970155,55970151,CCCAA,-,563,12,GATCCCAAGTAGCCACACCT,CAAAAATTAGCCAGGTGTGGCTACTTGGGATTACACACCTGT,CDK2,False
ACACTGAGGCCCAGATTTCA,intron6_7,55971345,55971326,GG,55971324,55971323,55971342,55971338,CTGAG,-,79,12,GCACTGAGGCCCAGATTTCA,AGGATGAGACCCTGAAATCTGGGCCTCAGTGTTTCATTTCCC,CDK2,False
CTGAATCAGTGTGCCAACAG,intron6_7,55971390,55971371,GG,55971369,55971368,55971387,55971383,AATCA,-,124,12,GTGAATCAGTGTGCCAACAG,TTCCTGCTCTCCCTGTTGGCACACTGATTCAGCTATGGGAGG,CDK2,False
AACACTGAGGCCCAGATTTC,intron6_7,55971346,55971327,AG,55971325,55971324,55971343,55971339,ACTGA,-,80,12,GACACTGAGGCCCAGATTTC,GGATGAGACCCTGAAATCTGGGCCTCAGTGTTTCATTTCCCT,CDK2,False
GAACCAGGGAAATGAAACAC,intron6_7,55971361,55971342,TG,55971340,55971339,55971358,55971354,CCAGG,-,95,12,GAACCAGGGAAATGAAACAC,ATCTGGGCCTCAGTGTTTCATTTCCCTGGTTCCTGCTCTCCC,CDK2,False
ACCCACAACAATACCTGGGA,intron1_2,57748670,57748689,TG,57748690,57748691,57748673,57748677,CACAA,+,72,12,GCCCACAACAATACCTGGGA,GAAGAAAGCTCATCCCAGGTATTGTTGTGGGTGGGCAGAAGT,CDK4,False
TTCATTAACCACAGTGGCCA,intron1_2,57749089,57749108,GG,57749109,57749110,57749092,57749096,ATTAA,+,74,12,GTCATTAACCACAGTGGCCA,TATGCAGGGCCCTGGCCACTGTGGTTAATGAAACTTGGTTGG,CDK4,False
CCACAACAATACCTGGGATG,intron1_2,57748672,57748691,AG,57748692,57748693,57748675,57748679,CAACA,+,74,12,GCACAACAATACCTGGGATG,AAGAAGAAAGCTCATCCCAGGTATTGTTGTGGGTGGGCAGAA,CDK4,False
TCCCAAAGTGCTGGGATTAC,intron1_2,57748962,57748981,AG,57748982,57748983,57748965,57748969,CAAAG,+,201,12,GCCCAAAGTGCTGGGATTAC,TGGCTCACGCCTGTAATCCCAGCACTTTGGGAGGCCAAGGTG,CDK4,False
GCAACTGGCTCTGCCCATGG,intron2_3,57749387,57749368,GG,57749366,57749365,57749384,57749380,ACTGG,-,51,12,GCAACTGGCTCTGCCCATGG,CAGTTCCCATCCCCATGGGCAGAGCCAGTTGCCATCCTGGGT,CDK4,False
ATGGCAACTGGCTCTGCCCA,intron2_3,57749390,57749371,TG,57749369,57749368,57749387,57749383,GCAAC,-,54,12,GTGGCAACTGGCTCTGCCCA,TTCCCATCCCCATGGGCAGAGCCAGTTGCCATCCTGGGTTCA,CDK4,False
TCTGGTCAGGAGGGTCCTCC,intron2_3,57749337,57749356,AG,57749357,57749358,57749340,57749344,GGTCA,+,39,12,GCTGGTCAGGAGGGTCCTCC,GGGATGGGAACTGGAGGACCCTCCTGACCAGAGTTCTCCTGT,CDK4,False
CTCCAGTTCCCATCCCCATG,intron2_3,57749353,57749372,GG,57749373,57749374,57749356,57749360,CAGTT,+,55,12,GTCCAGTTCCCATCCCCATG,ACTGGCTCTGCCCATGGGGATGGGAACTGGAGGACCCTCCTG,CDK4,False
ACAATTCCAGCACTTTGGGA,intron3_4,57749609,57749628,TG,57749629,57749630,57749612,57749616,ATTCC,+,124,12,GCAATTCCAGCACTTTGGGA,CTCACCTCAGCATCCCAAAGTGCTGGAATTGTTGGCCTTTAT,CDK4,False
CAGGCACGCACCTCCATGCT,intron3_4,57750444,57750425,TG,57750423,57750422,57750441,57750437,GCACG,-,212,12,GAGGCACGCACCTCCATGCT,ACAAACTAGCCAAGCATGGAGGTGCGTGCCTGTAGTGTCAGC,CDK4,False
ATTCCCTATACTTCCTATTT,intron3_4,57749600,57749581,TG,57749579,57749578,57749597,57749593,CCCTA,-,77,12,GTTCCCTATACTTCCTATTT,CTTAGTGGCTCAAAATAGGAAGTATAGGGAATAAAGGCCAAC,CDK4,False
CCTCAGCATCCCAAAGTGCT,intron3_4,57749636,57749617,GG,57749615,57749614,57749633,57749629,CAGCA,-,113,12,GCTCAGCATCCCAAAGTGCT,GCCAACAATTCCAGCACTTTGGGATGCTGAGGTGAGAGGACT,CDK4,False
GGGGACCCCATGGGTTACCA,intron4_5,57750790,57750809,TG,57750810,57750811,57750793,57750797,GACCC,+,44,12,GGGGACCCCATGGGTTACCA,AGTTGTGTTTCATGGTAACCCATGGGGTCCCCATCCATTCTT,CDK4,False
GTAGCAATTGAGAAGTCATG,intron4_5,57750864,57750845,TG,57750843,57750842,57750861,57750857,GCAAT,-,59,12,GTAGCAATTGAGAAGTCATG,ACACATGAAGCACATGACTTCTCAATTGCTACGGGCAATCAC,CDK4,False
GTCATGTGCTTCATGTGTTC,intron4_5,57750850,57750831,AG,57750829,57750828,57750847,57750843,ATGTG,-,66,12,GTCATGTGCTTCATGTGTTC,ACTTGCTTGACTGAACACATGAAGCACATGACTTCTCAATTG,CDK4,False
GTCAAGCAAGTTGTGTTTCA,intron4_5,57750829,57750810,TG,57750808,57750807,57750826,57750822,AAGCA,-,45,12,GTCAAGCAAGTTGTGTTTCA,CATGGGTTACCATGAAACACAACTTGCTTGACTGAACACATG,CDK4,False
CCTTTGTAGTAGAACCTTCT,intron5_6,57751168,57751149,GG,57751147,57751146,57751165,57751161,TTGTA,-,39,12,GCTTTGTAGTAGAACCTTCT,ACCTGAAATCCCAGAAGGTTCTACTACAAAGGTCCCAATCCA,CDK4,False
ACCTTTGTAGTAGAACCTTC,intron5_6,57751169,57751150,TG,57751148,57751147,57751166,57751162,TTTGT,-,38,12,GCCTTTGTAGTAGAACCTTC,CCTGAAATCCCAGAAGGTTCTACTACAAAGGTCCCAATCCAC,CDK4,False
GTAGAACCTTCTGGGATTTC,intron5_6,57751160,57751141,AG,57751139,57751138,57751157,57751153,GAACC,-,47,12,GTAGAACCTTCTGGGATTTC,GGCACCATACCTGAAATCCCAGAAGGTTCTACTACAAAGGTC,CDK4,False
CCATACCTGAAATCCCAGAA,intron5_6,57751133,57751152,GG,57751153,57751154,57751136,57751140,TACCT,+,55,12,GCATACCTGAAATCCCAGAA,TGTAGTAGAACCTTCTGGGATTTCAGGTATGGTGCCTAGTTT,CDK4,False
GCCTCTCATTATTTCCTCAG,intron6_7,57751390,57751409,GG,57751410,57751411,57751393,57751397,TCTCA,+,67,12,GCCTCTCATTATTTCCTCAG,GAAGTGGGGACCCTGAGGAAATAATGAGAGGCCATGTTGGGT,CDK4,False
GAGGAAATAATGAGAGGCCA,intron6_7,57751407,57751388,TG,57751386,57751385,57751404,57751400,GAAAT,-,46,12,GAGGAAATAATGAGAGGCCA,TTTAACCCAACATGGCCTCTCATTATTTCCTCAGGGTCCCCA,CDK4,False
AATAATGAGAGGCCATGTTG,intron6_7,57751402,57751383,GG,57751381,57751380,57751399,57751395,AATGA,-,41,12,GATAATGAGAGGCCATGTTG,TCCCCTTTAACCCAACATGGCCTCTCATTATTTCCTCAGGGT,CDK4,False
GATGATCTGTAGAGAAGTGG,intron6_7,57751434,57751415,GG,57751413,57751412,57751431,57751427,GATCT,-,66,12,GATGATCTGTAGAGAAGTGG,TCCTCAGGGTCCCCACTTCTCTACAGATCATCACACCCCACC,CDK4,False
GGAAGAAGTACCCGCCACTC,intron1_2,92617233,92617214,TG,92617212,92617211,92617230,92617226,AGAAG,-,839,7,GGAAGAAGTACCCGCCACTC,GGAACATGGGCAGAGTGGCGGGTACTTCTTCCAAGTATGGAC,CDK6,False
CTAAGGCCAACTTGAATGGA,intron1_2,92617178,92617159,GG,92617157,92617156,92617175,92617171,AGGCC,-,894,7,GTAAGGCCAACTTGAATGGA,AGCATTCTTTCCTCCATTCAAGTTGGCCTTAGGCATGGAACT,CDK6,False
TTAAATCTGCCATCTTTGAA,intron1_2,92617850,92617831,TG,92617829,92617828,92617847,92617843,AATCT,-,222,7,GTAAATCTGCCATCTTTGAA,TTGAAATAAACATTCAAAGATGGCAGATTTAAAAAAATGTGG,CDK6,False
CTGAAACCCAGTGAGTAATG,intron1_2,92617457,92617438,AG,92617436,92617435,92617454,92617450,AAACC,-,615,7,GTGAAACCCAGTGAGTAATG,AAAGCAGACACTCATTACTCACTGGGTTTCAGACATCAAGAA,CDK6,False
TGATGAACTCTAATAGTAAC,intron2_3,92622402,92622421,AG,92622422,92622423,92622405,92622409,TGAAC,+,615,7,GGATGAACTCTAATAGTAAC,TTATCTATTACTGTTACTATTAGAGTTCATCATTAATTATTT,CDK6,False
CACCACACAAATAGTAACAC,intron2_3,92622891,92622910,TG,92622911,92622912,92622894,92622898,CACAC,+,126,7,GACCACACAAATAGTAACAC,CTGCTGCAGACAGTGTTACTATTTGTGTGGTGAGTGGAGACA,CDK6,False
CACCCAGGTTGGTTCTGCGT,intron2_3,92622639,92622620,TG,92622618,92622617,92622636,92622632,CCAGG,-,397,7,GACCCAGGTTGGTTCTGCGT,CAAAACAAAACAACGCAGAACCAACCTGGGTGACCAAGGATA,CDK6,False
CTCTATAAGATCCTTTCTTG,intron2_3,92622340,92622321,TG,92622319,92622318,92622337,92622333,TATAA,-,696,7,GTCTATAAGATCCTTTCTTG,AGAATTTGAGCACAAGAAAGGATCTTATAGAGAATTTAAGTC,CDK6,False
TGCTCTGTGGTGAGGAATAG,intron3_4,92634199,92634218,TG,92634219,92634220,92634202,92634206,TCTGT,+,11132,7,GGCTCTGTGGTGAGGAATAG,ATTAGATTCTCACTATTCCTCACCACAGAGCAAATGACAGAT,CDK6,False
TGGGGGGATGTAGTAGAGTC,intron3_4,92634930,92634949,TG,92634950,92634951,92634933,92634937,GGGGA,+,11863,7,GGGGGGGATGTAGTAGAGTC,GAATATAAAACAGACTCTACTACATCCCCCCACATGTCCCTC,CDK6,False
CTCACTATTCCTCACCACAG,intron3_4,92634222,92634203,AG,92634201,92634200,92634219,92634215,ACTAT,-,11117,7,GTCACTATTCCTCACCACAG,CTGTCATTTGCTCTGTGGTGAGGAATAGTGAGAATCTAATCA,CDK6,False
TAACCTTTAGAGCCCTCCTG,intron3_4,92635005,92634986,GG,92634984,92634983,92635002,92634998,CCTTT,-,11900,7,GAACCTTTAGAGCCCTCCTG,CTCTGAACCTCCCAGGAGGGCTCTAAAGGTTAAAAAACATGC,CDK6,False
AAAGCCAGTAAGAAACTGGA,intron4_5,92678813,92678794,GG,92678792,92678791,92678810,92678806,GCCAG,-,7259,7,GAAGCCAGTAAGAAACTGGA,CTGCCATATGCCTCCAGTTTCTTACTGGCTTTGGCCAATGGG,CDK6,False
GCTGAATGGATGTGGCAACA,intron4_5,92678402,92678421,GG,92678422,92678423,92678405,92678409,GAATG,+,6886,7,GCTGAATGGATGTGGCAACA,CGCTCCCCCTCCTGTTGCCACATCCATTCAGCACCTCTAGAG,CDK6,False
ACAATATAATCAATTCTACC,intron4_5,92678107,92678126,AG,92678127,92678128,92678110,92678114,ATATA,+,6591,7,GCAATATAATCAATTCTACC,AACAGAACTTCTGGTAGAATTGATTATATTGTTGAGAACTTT,CDK6,False
GCCATTGTGGCCATATAATG,intron4_5,92678699,92678680,AG,92678678,92678677,92678696,92678692,ATTGT,-,7145,7,GCCATTGTGGCCATATAATG,CTGATTCATCCTCATTATATGGCCACAATGGCAGAAAAGCAT,CDK6,False
TTCTCATAAAGCTCCATAAA,intron5_6,92769877,92769896,TG,92769897,92769898,92769880,92769884,TCATA,+,4800,7,GTCTCATAAAGCTCCATAAA,TAGCACCTTCCATTTATGGAGCTTTATGAGAAAAAAAAACAG,CDK6,False
TTAGAGTACGTGATAAATTC,intron5_6,92769946,92769927,AG,92769925,92769924,92769943,92769939,GAGTA,-,4750,7,GTAGAGTACGTGATAAATTC,CATAGATACTCTGAATTTATCACGTACTCTAAAAGAAAAAAT,CDK6,False
CTCATAGGATGGCAGATGAA,intron5_6,92769816,92769835,AG,92769836,92769837,92769819,92769823,ATAGG,+,4861,7,GTCATAGGATGGCAGATGAA,CTCTTTCATGCTTTCATCTGCCATCCTATGAGAGAGGGTCAG,CDK6,False
GATAATATCCTGAATTAGAA,intron5_6,92770096,92770115,AG,92770116,92770117,92770099,92770103,AATAT,+,4581,7,GATAATATCCTGAATTAGAA,TGGCTTTCCTCTTTCTAATTCAGGATATTATCTTTGGGTCTG,CDK6,False
TTCGTATCTTGAGCATCCAT,intron6_7,92779284,92779265,TG,92779263,92779262,92779281,92779277,GTATC,-,4434,7,GTCGTATCTTGAGCATCCAT,GCCTCAGTTTCAATGGATGCTCAAGATACGAAAGGTGAGCTC,CDK6,False
ATCCATTGAAACTGAGGCCT,intron6_7,92779270,92779251,GG,92779249,92779248,92779267,92779263,CATTG,-,4420,7,GTCCATTGAAACTGAGGCCT,CAACTGGACTCCAGGCCTCAGTTTCAATGGATGCTCAAGATA,CDK6,False
TATCATTTAGGACAATTAGT,intron6_7,92779326,92779307,AG,92779305,92779304,92779323,92779319,CATTT,-,4476,7,GATCATTTAGGACAATTAGT,ACTGAAGCCACTACTAATTGTCCTAAATGATAAACCTTGGAG,CDK6,False
AAGCAACAGGGCATACTGCC,intron6_7,92779104,92779085,AG,92779083,92779082,92779101,92779097,CAACA,-,4254,7,GAGCAACAGGGCATACTGCC,CCTAACAACCCTGGCAGTATGCCCTGTTGCTTCATCTCACTG,CDK6,False
