Cell Line,Drug,Concentration (nM or % for DMSO),Measurement,Measurement-Ref
NT CBE,DMSO,0.25,1.7588,1.6146
NT CBE,DMSO,0.25,1.8388,1.6836
NT CBE,DMSO,0.25,1.7305,1.5849
NT CBE,DMSO,0.25,1.7724,1.6228
CDK9 C106Y_E107K,DMSO,0.25,1.6702,1.5235
CDK9 C106Y_E107K,DMSO,0.25,1.6623,1.5201
CDK9 C106Y_E107K,DMSO,0.25,1.6163,1.4737
CDK9 C106Y_E107K,DMSO,0.25,1.6208,1.4824
CDK9 L156F,DMSO,0.25,1.8565,1.6991
CDK9 L156F,DMSO,0.25,1.7953,1.6442
CDK9 L156F,DMSO,0.25,1.8054,1.6488
CDK9 L156F,DMSO,0.25,1.8637,1.7043
NT CBE,KI-CDK9d-32N,10,1.6637,1.5259
NT CBE,KI-CDK9d-32N,10,1.6134,1.4767
NT CBE,KI-CDK9d-32N,10,1.5134,1.382
NT CBE,KI-CDK9d-32N,100,1.7537,1.6067
NT CBE,KI-CDK9d-32N,100,1.6951,1.553
NT CBE,KI-CDK9d-32N,100,1.6827,1.5415
NT CBE,KI-CDK9d-32N,500,1.5823,1.4473
NT CBE,KI-CDK9d-32N,500,1.651,1.5085
NT CBE,KI-CDK9d-32N,500,1.6736,1.5367
NT CBE,KI-CDK9d-32N,1000,1.5114,1.3819
NT CBE,KI-CDK9d-32N,1000,1.4886,1.3629
NT CBE,KI-CDK9d-32N,1000,1.4964,1.3661
NT CBE,KI-CDK9d-32N,1500,1.2718,1.1546
NT CBE,KI-CDK9d-32N,1500,1.2802,1.1644
NT CBE,KI-CDK9d-32N,1500,1.2614,1.1475
NT CBE,KI-CDK9d-32N,2000,1.0336,0.9323
NT CBE,KI-CDK9d-32N,2000,1.046,0.9442
NT CBE,KI-CDK9d-32N,2000,1.0011,0.9024
NT CBE,KI-CDK9d-32N,4000,0.56,0.4872
NT CBE,KI-CDK9d-32N,4000,0.5546,0.4811
NT CBE,KI-CDK9d-32N,4000,0.5326,0.4604
NT CBE,KI-CDK9d-32N,8000,0.376,0.3129
NT CBE,KI-CDK9d-32N,8000,0.378,0.3153
NT CBE,KI-CDK9d-32N,8000,0.3966,0.3329
CDK9 C106Y_E107K,KI-CDK9d-32N,10,1.4634,1.338
CDK9 C106Y_E107K,KI-CDK9d-32N,10,1.3899,1.2691
CDK9 C106Y_E107K,KI-CDK9d-32N,10,1.2861,1.1699
CDK9 C106Y_E107K,KI-CDK9d-32N,100,1.4829,1.3544
CDK9 C106Y_E107K,KI-CDK9d-32N,100,1.4333,1.3082
CDK9 C106Y_E107K,KI-CDK9d-32N,100,1.439,1.3136
CDK9 C106Y_E107K,KI-CDK9d-32N,500,1.3666,1.2463
CDK9 C106Y_E107K,KI-CDK9d-32N,500,1.39,1.2676
CDK9 C106Y_E107K,KI-CDK9d-32N,500,1.482,1.3541
CDK9 C106Y_E107K,KI-CDK9d-32N,1000,1.2854,1.1681
CDK9 C106Y_E107K,KI-CDK9d-32N,1000,1.4083,1.2861
CDK9 C106Y_E107K,KI-CDK9d-32N,1000,1.4222,1.2981
CDK9 C106Y_E107K,KI-CDK9d-32N,1500,1.2045,1.0933
CDK9 C106Y_E107K,KI-CDK9d-32N,1500,1.2256,1.1123
CDK9 C106Y_E107K,KI-CDK9d-32N,1500,1.1834,1.0729
CDK9 C106Y_E107K,KI-CDK9d-32N,2000,1.0889,0.9847
CDK9 C106Y_E107K,KI-CDK9d-32N,2000,1.0332,0.9323
CDK9 C106Y_E107K,KI-CDK9d-32N,2000,1.0632,0.9609
CDK9 C106Y_E107K,KI-CDK9d-32N,4000,0.7741,0.6876
CDK9 C106Y_E107K,KI-CDK9d-32N,4000,0.8105,0.7221
CDK9 C106Y_E107K,KI-CDK9d-32N,4000,0.8047,0.717
CDK9 C106Y_E107K,KI-CDK9d-32N,8000,0.448,0.3813
CDK9 C106Y_E107K,KI-CDK9d-32N,8000,0.4808,0.4124
CDK9 C106Y_E107K,KI-CDK9d-32N,8000,0.4589,0.392
CDK9 L156F,KI-CDK9d-32N,10,1.6018,1.4681
CDK9 L156F,KI-CDK9d-32N,10,1.7322,1.5898
CDK9 L156F,KI-CDK9d-32N,10,1.6675,1.5281
CDK9 L156F,KI-CDK9d-32N,100,1.8357,1.6762
CDK9 L156F,KI-CDK9d-32N,100,1.8579,1.7067
CDK9 L156F,KI-CDK9d-32N,100,1.8956,1.7202
CDK9 L156F,KI-CDK9d-32N,500,1.8809,1.7118
CDK9 L156F,KI-CDK9d-32N,500,1.8475,1.6858
CDK9 L156F,KI-CDK9d-32N,500,1.8603,1.7076
CDK9 L156F,KI-CDK9d-32N,1000,1.8502,1.6822
CDK9 L156F,KI-CDK9d-32N,1000,1.8138,1.6577
CDK9 L156F,KI-CDK9d-32N,1000,1.7125,1.5725
CDK9 L156F,KI-CDK9d-32N,1500,1.716,1.5751
CDK9 L156F,KI-CDK9d-32N,1500,1.7348,1.5912
CDK9 L156F,KI-CDK9d-32N,1500,1.7439,1.6
CDK9 L156F,KI-CDK9d-32N,2000,1.7881,1.6407
CDK9 L156F,KI-CDK9d-32N,2000,1.6609,1.5218
CDK9 L156F,KI-CDK9d-32N,2000,1.7416,1.5976
CDK9 L156F,KI-CDK9d-32N,4000,1.4575,1.3308
CDK9 L156F,KI-CDK9d-32N,4000,1.5106,1.3805
CDK9 L156F,KI-CDK9d-32N,4000,1.5264,1.3959
CDK9 L156F,KI-CDK9d-32N,8000,1.1371,1.03
CDK9 L156F,KI-CDK9d-32N,8000,1.1581,1.0516
CDK9 L156F,KI-CDK9d-32N,8000,1.0867,0.9817
No Cells,No Cells,0,0.1305,0.0838
No Cells,No Cells,0,0.1302,0.0834
No Cells,No Cells,0,0.128,0.0809
No Cells,No Cells,0,0.1271,0.0809
No Cells,No Cells,0,0.1245,0.079
No Cells,No Cells,0,0.1255,0.0798
No Cells,No Cells,0,0.1241,0.0779
No Cells,No Cells,0,0.128,0.0809
No Cells,No Cells,0,0.126,0.0797
No Cells,No Cells,0,0.124,0.078
No Cells,No Cells,0,0.1249,0.0786
No Cells,No Cells,0,0.1249,0.0782