gRNA_id,protospacer,proto_G+19,chrom,exon,proto_start,proto_end,PAM,PAM_start,PAM_end,ideal_start,ideal_end,ideal_window,strand,sensor_wt,CDS_hit,ABE_amenable,CBE_amenable,Gene
gRNA_1,CCGGATTACCTTCATCCTTA,GCGGATTACCTTCATCCTTA,12,7,57748530,57748549,TG,57748550,57748551,57748533,57748537,GATTA,+,CTCTTATCTACATAAGGATGAAGGTAATCCGGAGTGAGCAAT,True,True,False,CDK4
gRNA_2,GATTACCTTCATCCTTATGT,GATTACCTTCATCCTTATGT,12,7,57748533,57748552,AG,57748553,57748554,57748536,57748540,TACCT,+,GCACTCTTATCTACATAAGGATGAAGGTAATCCGGAGTGAGC,True,True,True,CDK4
gRNA_3,CCTTCATCCTTATGTAGATA,GCTTCATCCTTATGTAGATA,12,7,57748538,57748557,AG,57748558,57748559,57748541,57748545,TCATC,+,CTGCAGCACTCTTATCTACATAAGGATGAAGGTAATCCGGAG,True,True,True,CDK4
gRNA_4,TTCATCCTTATGTAGATAAG,GTCATCCTTATGTAGATAAG,12,7,57748540,57748559,AG,57748560,57748561,57748543,57748547,ATCCT,+,CTCTGCAGCACTCTTATCTACATAAGGATGAAGGTAATCCGG,True,True,True,CDK4
gRNA_5,CATCCTTATGTAGATAAGAG,GATCCTTATGTAGATAAGAG,12,7,57748542,57748561,TG,57748562,57748563,57748545,57748549,CCTTA,+,AGCTCTGCAGCACTCTTATCTACATAAGGATGAAGGTAATCC,True,True,True,CDK4
gRNA_6,CCTTATGTAGATAAGAGTGC,GCTTATGTAGATAAGAGTGC,12,7,57748545,57748564,TG,57748565,57748566,57748548,57748552,TATGT,+,TCGAGCTCTGCAGCACTCTTATCTACATAAGGATGAAGGTAA,True,True,False,CDK4
gRNA_7,TATGTAGATAAGAGTGCTGC,GATGTAGATAAGAGTGCTGC,12,7,57748548,57748567,AG,57748568,57748569,57748551,57748555,GTAGA,+,CTTTCGAGCTCTGCAGCACTCTTATCTACATAAGGATGAAGG,True,True,False,CDK4
gRNA_8,TGTAGATAAGAGTGCTGCAG,GGTAGATAAGAGTGCTGCAG,12,7,57748550,57748569,AG,57748570,57748571,57748553,57748557,AGATA,+,GCCTTTCGAGCTCTGCAGCACTCTTATCTACATAAGGATGAA,True,True,False,CDK4
gRNA_9,GATAAGAGTGCTGCAGAGCT,GATAAGAGTGCTGCAGAGCT,12,7,57748554,57748573,CG,57748574,57748575,57748557,57748561,AAGAG,+,CTCTGCCTTTCGAGCTCTGCAGCACTCTTATCTACATAAGGA,True,True,False,CDK4
gRNA_10,AGAGTGCTGCAGAGCTCGAA,GGAGTGCTGCAGAGCTCGAA,12,7,57748558,57748577,AG,57748578,57748579,57748561,57748565,GTGCT,+,GAATCTCTGCCTTTCGAGCTCTGCAGCACTCTTATCTACATA,True,False,True,CDK4
gRNA_11,GAGTGCTGCAGAGCTCGAAA,GAGTGCTGCAGAGCTCGAAA,12,7,57748559,57748578,GG,57748579,57748580,57748562,57748566,TGCTG,+,CGAATCTCTGCCTTTCGAGCTCTGCAGCACTCTTATCTACAT,True,False,True,CDK4
gRNA_12,TGCTGCAGAGCTCGAAAGGC,GGCTGCAGAGCTCGAAAGGC,12,7,57748562,57748581,AG,57748582,57748583,57748565,57748569,TGCAG,+,AAGCGAATCTCTGCCTTTCGAGCTCTGCAGCACTCTTATCTA,True,True,True,CDK4
gRNA_13,CTGCAGAGCTCGAAAGGCAG,GTGCAGAGCTCGAAAGGCAG,12,7,57748564,57748583,AG,57748584,57748585,57748567,57748571,CAGAG,+,ACAAGCGAATCTCTGCCTTTCGAGCTCTGCAGCACTCTTATC,True,True,True,CDK4
gRNA_14,GAGCTCGAAAGGCAGAGATT,GAGCTCGAAAGGCAGAGATT,12,7,57748569,57748588,CG,57748589,57748590,57748572,57748576,CTCGA,+,CCCACACAAGCGAATCTCTGCCTTTCGAGCTCTGCAGCACTC,True,True,True,CDK4
gRNA_15,TCGAAAGGCAGAGATTCGCT,GCGAAAGGCAGAGATTCGCT,12,7,57748573,57748592,TG,57748593,57748594,57748576,57748580,AAAGG,+,TTAACCCACACAAGCGAATCTCTGCCTTTCGAGCTCTGCAGC,True,True,False,CDK4
gRNA_16,GAAAGGCAGAGATTCGCTTG,GAAAGGCAGAGATTCGCTTG,12,7,57748575,57748594,TG,57748595,57748596,57748578,57748582,AGGCA,+,TTTTAACCCACACAAGCGAATCTCTGCCTTTCGAGCTCTGCA,True,True,True,CDK4
gRNA_17,AAGGCAGAGATTCGCTTGTG,GAGGCAGAGATTCGCTTGTG,12,7,57748577,57748596,TG,57748597,57748598,57748580,57748584,GCAGA,+,ACTTTTAACCCACACAAGCGAATCTCTGCCTTTCGAGCTCTG,True,True,True,CDK4
gRNA_18,AGGCAGAGATTCGCTTGTGT,GGGCAGAGATTCGCTTGTGT,12,7,57748578,57748597,GG,57748598,57748599,57748581,57748585,CAGAG,+,GACTTTTAACCCACACAAGCGAATCTCTGCCTTTCGAGCTCT,True,True,True,CDK4
gRNA_19,GGCAGAGATTCGCTTGTGTG,GGCAGAGATTCGCTTGTGTG,12,7,57748579,57748598,GG,57748599,57748600,57748582,57748586,AGAGA,+,TGACTTTTAACCCACACAAGCGAATCTCTGCCTTTCGAGCTC,True,True,False,CDK4
gRNA_20,ATTCGCTTGTGTGGGTTAAA,GTTCGCTTGTGTGGGTTAAA,12,7,57748586,57748605,AG,57748606,57748607,57748589,57748593,CGCTT,+,GAAATGCTGACTTTTAACCCACACAAGCGAATCTCTGCCTTT,True,False,True,CDK4
gRNA_21,GCTTGTGTGGGTTAAAAGTC,GCTTGTGTGGGTTAAAAGTC,12,7,57748590,57748609,AG,57748610,57748611,57748593,57748597,TGTGT,+,TCAGGAAATGCTGACTTTTAACCCACACAAGCGAATCTCTGC,True,False,False,CDK4
gRNA_22,GGTTAAAAGTCAGCATTTCC,GGTTAAAAGTCAGCATTTCC,12,7,57748599,57748618,TG,57748619,57748620,57748602,57748606,TAAAA,+,CCTCTCCCCTCAGGAAATGCTGACTTTTAACCCACACAAGCG,True,True,False,CDK4
gRNA_23,TTAAAAGTCAGCATTTCCTG,GTAAAAGTCAGCATTTCCTG,12,7,57748601,57748620,AG,57748621,57748622,57748604,57748608,AAAGT,+,TGCCTCTCCCCTCAGGAAATGCTGACTTTTAACCCACACAAG,True,True,False,CDK4
gRNA_24,TAAAAGTCAGCATTTCCTGA,GAAAAGTCAGCATTTCCTGA,12,7,57748602,57748621,GG,57748622,57748623,57748605,57748609,AAGTC,+,TTGCCTCTCCCCTCAGGAAATGCTGACTTTTAACCCACACAA,True,True,True,CDK4
gRNA_25,AAAAGTCAGCATTTCCTGAG,GAAAGTCAGCATTTCCTGAG,12,7,57748603,57748622,GG,57748623,57748624,57748606,57748610,AGTCA,+,TTTGCCTCTCCCCTCAGGAAATGCTGACTTTTAACCCACACA,True,True,True,CDK4
gRNA_26,AAAGTCAGCATTTCCTGAGG,GAAGTCAGCATTTCCTGAGG,12,7,57748604,57748623,GG,57748624,57748625,57748607,57748611,GTCAG,+,CTTTGCCTCTCCCCTCAGGAAATGCTGACTTTTAACCCACAC,True,True,True,CDK4
gRNA_27,AGTCAGCATTTCCTGAGGGG,GGTCAGCATTTCCTGAGGGG,12,7,57748606,57748625,AG,57748626,57748627,57748609,57748613,CAGCA,+,ACCTTTGCCTCTCCCCTCAGGAAATGCTGACTTTTAACCCAC,True,True,True,CDK4
gRNA_28,TCAGCATTTCCTGAGGGGAG,GCAGCATTTCCTGAGGGGAG,12,7,57748608,57748627,AG,57748628,57748629,57748611,57748615,GCATT,+,TGACCTTTGCCTCTCCCCTCAGGAAATGCTGACTTTTAACCC,True,True,True,CDK4
gRNA_29,CAGCATTTCCTGAGGGGAGA,GAGCATTTCCTGAGGGGAGA,12,7,57748609,57748628,GG,57748629,57748630,57748612,57748616,CATTT,+,CTGACCTTTGCCTCTCCCCTCAGGAAATGCTGACTTTTAACC,True,True,True,CDK4
gRNA_30,TTTCCTGAGGGGAGAGGCAA,GTTCCTGAGGGGAGAGGCAA,12,7,57748614,57748633,AG,57748634,57748635,57748617,57748621,CCTGA,+,GTTTTCTGACCTTTGCCTCTCCCCTCAGGAAATGCTGACTTT,True,True,True,CDK4
gRNA_31,ACCAGCAGCAGCTGTGCTCC,GCCAGCAGCAGCTGTGCTCC,12,6,57749180,57749199,CG,57749200,57749201,57749183,57749187,AGCAG,+,ATGGAGGAGTCGGGAGCACAGCTGCTGCTGGTACTGGAGATG,True,True,True,CDK4
gRNA_32,GCTCCCGACTCCTCCATCTC,GCTCCCGACTCCTCCATCTC,12,6,57749195,57749214,AG,57749215,57749216,57749198,57749202,CCCGA,+,TCGGTGGTACCTGAGATGGAGGAGTCGGGAGCACAGCTGCTG,True,True,True,CDK4
gRNA_33,CTCCCGACTCCTCCATCTCA,GTCCCGACTCCTCCATCTCA,12,6,57749196,57749215,GG,57749216,57749217,57749199,57749203,CCGAC,+,GTCGGTGGTACCTGAGATGGAGGAGTCGGGAGCACAGCTGCT,True,True,True,CDK4
gRNA_34,TCCTCCATCTCAGGTACCAC,GCCTCCATCTCAGGTACCAC,12,6,57749204,57749223,CG,57749224,57749225,57749207,57749211,TCCAT,+,CCAGTGCAGTCGGTGGTACCTGAGATGGAGGAGTCGGGAGCA,True,True,True,CDK4
gRNA_35,CCATCTCAGGTACCACCGAC,GCATCTCAGGTACCACCGAC,12,6,57749208,57749227,TG,57749228,57749229,57749211,57749215,TCTCA,+,CCGCCCAGTGCAGTCGGTGGTACCTGAGATGGAGGAGTCGGG,True,True,True,CDK4
gRNA_36,TCAGGTACCACCGACTGCAC,GCAGGTACCACCGACTGCAC,12,6,57749213,57749232,TG,57749233,57749234,57749216,57749220,GGTAC,+,GGGCCCCGCCCAGTGCAGTCGGTGGTACCTGAGATGGAGGAG,True,True,True,CDK4
gRNA_37,CAGGTACCACCGACTGCACT,GAGGTACCACCGACTGCACT,12,6,57749214,57749233,GG,57749234,57749235,57749217,57749221,GTACC,+,AGGGCCCCGCCCAGTGCAGTCGGTGGTACCTGAGATGGAGGA,True,True,True,CDK4
gRNA_38,AGGTACCACCGACTGCACTG,GGGTACCACCGACTGCACTG,12,6,57749215,57749234,GG,57749235,57749236,57749218,57749222,TACCA,+,GAGGGCCCCGCCCAGTGCAGTCGGTGGTACCTGAGATGGAGG,True,True,True,CDK4
gRNA_39,GTACCACCGACTGCACTGGG,GTACCACCGACTGCACTGGG,12,6,57749217,57749236,CG,57749237,57749238,57749220,57749224,CCACC,+,CAGAGGGCCCCGCCCAGTGCAGTCGGTGGTACCTGAGATGGA,True,True,True,CDK4
gRNA_40,TACCACCGACTGCACTGGGC,GACCACCGACTGCACTGGGC,12,6,57749218,57749237,GG,57749238,57749239,57749221,57749225,CACCG,+,CCAGAGGGCCCCGCCCAGTGCAGTCGGTGGTACCTGAGATGG,True,True,True,CDK4
gRNA_41,ACCACCGACTGCACTGGGCG,GCCACCGACTGCACTGGGCG,12,6,57749219,57749238,GG,57749239,57749240,57749222,57749226,ACCGA,+,CCCAGAGGGCCCCGCCCAGTGCAGTCGGTGGTACCTGAGATG,True,True,True,CDK4
gRNA_42,CCACCGACTGCACTGGGCGG,GCACCGACTGCACTGGGCGG,12,6,57749220,57749239,GG,57749240,57749241,57749223,57749227,CCGAC,+,CCCCAGAGGGCCCCGCCCAGTGCAGTCGGTGGTACCTGAGAT,True,True,True,CDK4
gRNA_43,CTGCACTGGGCGGGGCCCTC,GTGCACTGGGCGGGGCCCTC,12,6,57749227,57749246,TG,57749247,57749248,57749230,57749234,CACTG,+,CCTTTCCCCCCAGAGGGCCCCGCCCAGTGCAGTCGGTGGTAC,True,True,True,CDK4
gRNA_44,TGCACTGGGCGGGGCCCTCT,GGCACTGGGCGGGGCCCTCT,12,6,57749228,57749247,GG,57749248,57749249,57749231,57749235,ACTGG,+,GCCTTTCCCCCCAGAGGGCCCCGCCCAGTGCAGTCGGTGGTA,True,True,True,CDK4
gRNA_45,GCACTGGGCGGGGCCCTCTG,GCACTGGGCGGGGCCCTCTG,12,6,57749229,57749248,GG,57749249,57749250,57749232,57749236,CTGGG,+,AGCCTTTCCCCCCAGAGGGCCCCGCCCAGTGCAGTCGGTGGT,True,False,True,CDK4
gRNA_46,CACTGGGCGGGGCCCTCTGG,GACTGGGCGGGGCCCTCTGG,12,6,57749230,57749249,GG,57749250,57749251,57749233,57749237,TGGGC,+,GAGCCTTTCCCCCCAGAGGGCCCCGCCCAGTGCAGTCGGTGG,True,False,True,CDK4
gRNA_47,ACTGGGCGGGGCCCTCTGGG,GCTGGGCGGGGCCCTCTGGG,12,6,57749231,57749250,GG,57749251,57749252,57749234,57749238,GGGCG,+,GGAGCCTTTCCCCCCAGAGGGCCCCGCCCAGTGCAGTCGGTG,True,False,True,CDK4
gRNA_48,CTGGGCGGGGCCCTCTGGGG,GTGGGCGGGGCCCTCTGGGG,12,6,57749232,57749251,GG,57749252,57749253,57749235,57749239,GGCGG,+,TGGAGCCTTTCCCCCCAGAGGGCCCCGCCCAGTGCAGTCGGT,True,False,True,CDK4
gRNA_49,GCGGGGCCCTCTGGGGGGAA,GCGGGGCCCTCTGGGGGGAA,12,6,57749236,57749255,AG,57749256,57749257,57749239,57749243,GGGCC,+,CCCGTGGAGCCTTTCCCCCCAGAGGGCCCCGCCCAGTGCAGT,True,False,True,CDK4
gRNA_50,CGGGGCCCTCTGGGGGGAAA,GGGGGCCCTCTGGGGGGAAA,12,6,57749237,57749256,GG,57749257,57749258,57749240,57749244,GGCCC,+,CCCCGTGGAGCCTTTCCCCCCAGAGGGCCCCGCCCAGTGCAG,True,False,True,CDK4
gRNA_51,CTCTGGGGGGAAAGGCTCCA,GTCTGGGGGGAAAGGCTCCA,12,6,57749244,57749263,CG,57749264,57749265,57749247,57749251,TGGGG,+,ATCCCTGCCCCGTGGAGCCTTTCCCCCCAGAGGGCCCCGCCC,True,False,False,CDK4
gRNA_52,TCTGGGGGGAAAGGCTCCAC,GCTGGGGGGAAAGGCTCCAC,12,6,57749245,57749264,GG,57749265,57749266,57749248,57749252,GGGGG,+,TATCCCTGCCCCGTGGAGCCTTTCCCCCCAGAGGGCCCCGCC,True,False,False,CDK4
gRNA_53,CTGGGGGGAAAGGCTCCACG,GTGGGGGGAAAGGCTCCACG,12,6,57749246,57749265,GG,57749266,57749267,57749249,57749253,GGGGG,+,GTATCCCTGCCCCGTGGAGCCTTTCCCCCCAGAGGGCCCCGC,True,False,False,CDK4
gRNA_54,TGGGGGGAAAGGCTCCACGG,GGGGGGGAAAGGCTCCACGG,12,6,57749247,57749266,GG,57749267,57749268,57749250,57749254,GGGGA,+,TGTATCCCTGCCCCGTGGAGCCTTTCCCCCCAGAGGGCCCCG,True,True,False,CDK4
gRNA_55,GGGGAAAGGCTCCACGGGGC,GGGGAAAGGCTCCACGGGGC,12,6,57749250,57749269,AG,57749270,57749271,57749253,57749257,GAAAG,+,AGATGTATCCCTGCCCCGTGGAGCCTTTCCCCCCAGAGGGCC,True,True,False,CDK4
gRNA_56,GGGAAAGGCTCCACGGGGCA,GGGAAAGGCTCCACGGGGCA,12,6,57749251,57749270,GG,57749271,57749272,57749254,57749258,AAAGG,+,GAGATGTATCCCTGCCCCGTGGAGCCTTTCCCCCCAGAGGGC,True,True,False,CDK4
gRNA_57,GGAAAGGCTCCACGGGGCAG,GGAAAGGCTCCACGGGGCAG,12,6,57749252,57749271,GG,57749272,57749273,57749255,57749259,AAGGC,+,CGAGATGTATCCCTGCCCCGTGGAGCCTTTCCCCCCAGAGGG,True,True,True,CDK4
gRNA_58,CACGGGGCAGGGATACATCT,GACGGGGCAGGGATACATCT,12,6,57749262,57749281,CG,57749282,57749283,57749265,57749269,GGGGC,+,TGACTGGCCTCGAGATGTATCCCTGCCCCGTGGAGCCTTTCC,True,False,True,CDK4
gRNA_59,CGGGGCAGGGATACATCTCG,GGGGGCAGGGATACATCTCG,12,6,57749264,57749283,AG,57749284,57749285,57749267,57749271,GGCAG,+,GATGACTGGCCTCGAGATGTATCCCTGCCCCGTGGAGCCTTT,True,True,True,CDK4
gRNA_60,GGGGCAGGGATACATCTCGA,GGGGCAGGGATACATCTCGA,12,6,57749265,57749284,GG,57749285,57749286,57749268,57749272,GCAGG,+,GGATGACTGGCCTCGAGATGTATCCCTGCCCCGTGGAGCCTT,True,True,True,CDK4
gRNA_61,CAGGGATACATCTCGAGGCC,GAGGGATACATCTCGAGGCC,12,6,57749269,57749288,AG,57749289,57749290,57749272,57749276,GGATA,+,CAGAGGATGACTGGCCTCGAGATGTATCCCTGCCCCGTGGAG,True,True,False,CDK4
gRNA_62,TCTCGAGGCCAGTCATCCTC,GCTCGAGGCCAGTCATCCTC,12,6,57749279,57749298,TG,57749299,57749300,57749282,57749286,CGAGG,+,GGGCTGCCTCCAGAGGATGACTGGCCTCGAGATGTATCCCTG,True,True,True,CDK4
gRNA_63,CTCGAGGCCAGTCATCCTCT,GTCGAGGCCAGTCATCCTCT,12,6,57749280,57749299,GG,57749300,57749301,57749283,57749287,GAGGC,+,TGGGCTGCCTCCAGAGGATGACTGGCCTCGAGATGTATCCCT,True,True,True,CDK4
gRNA_64,CGAGGCCAGTCATCCTCTGG,GGAGGCCAGTCATCCTCTGG,12,6,57749282,57749301,AG,57749302,57749303,57749285,57749289,GGCCA,+,ATTGGGCTGCCTCCAGAGGATGACTGGCCTCGAGATGTATCC,True,True,True,CDK4
gRNA_65,GAGGCCAGTCATCCTCTGGA,GAGGCCAGTCATCCTCTGGA,12,6,57749283,57749302,GG,57749303,57749304,57749286,57749290,GCCAG,+,GATTGGGCTGCCTCCAGAGGATGACTGGCCTCGAGATGTATC,True,True,True,CDK4
gRNA_66,GCCAGTCATCCTCTGGAGGC,GCCAGTCATCCTCTGGAGGC,12,6,57749286,57749305,AG,57749306,57749307,57749289,57749293,AGTCA,+,CCTGATTGGGCTGCCTCCAGAGGATGACTGGCCTCGAGATGT,True,True,True,CDK4
gRNA_67,CCTCTGGAGGCAGCCCAATC,GCTCTGGAGGCAGCCCAATC,12,6,57749295,57749314,AG,57749315,57749316,57749298,57749302,CTGGA,+,CCCCCACAGCCTGATTGGGCTGCCTCCAGAGGATGACTGGCC,True,True,True,CDK4
gRNA_68,CTCTGGAGGCAGCCCAATCA,GTCTGGAGGCAGCCCAATCA,12,6,57749296,57749315,GG,57749316,57749317,57749299,57749303,TGGAG,+,TCCCCCACAGCCTGATTGGGCTGCCTCCAGAGGATGACTGGC,True,True,False,CDK4
gRNA_69,TGGAGGCAGCCCAATCAGGC,GGGAGGCAGCCCAATCAGGC,12,6,57749299,57749318,TG,57749319,57749320,57749302,57749306,AGGCA,+,CTGTCCCCCACAGCCTGATTGGGCTGCCTCCAGAGGATGACT,True,True,True,CDK4
gRNA_70,GAGGCAGCCCAATCAGGCTG,GAGGCAGCCCAATCAGGCTG,12,6,57749301,57749320,TG,57749321,57749322,57749304,57749308,GCAGC,+,TCCTGTCCCCCACAGCCTGATTGGGCTGCCTCCAGAGGATGA,True,True,True,CDK4
gRNA_71,AGGCAGCCCAATCAGGCTGT,GGGCAGCCCAATCAGGCTGT,12,6,57749302,57749321,GG,57749322,57749323,57749305,57749309,CAGCC,+,CTCCTGTCCCCCACAGCCTGATTGGGCTGCCTCCAGAGGATG,True,True,True,CDK4
gRNA_72,GGCAGCCCAATCAGGCTGTG,GGCAGCCCAATCAGGCTGTG,12,6,57749303,57749322,GG,57749323,57749324,57749306,57749310,AGCCC,+,TCTCCTGTCCCCCACAGCCTGATTGGGCTGCCTCCAGAGGAT,True,True,True,CDK4
gRNA_73,GCAGCCCAATCAGGCTGTGG,GCAGCCCAATCAGGCTGTGG,12,6,57749304,57749323,GG,57749324,57749325,57749307,57749311,GCCCA,+,TTCTCCTGTCCCCCACAGCCTGATTGGGCTGCCTCCAGAGGA,True,True,True,CDK4
gRNA_74,CAGCCCAATCAGGCTGTGGG,GAGCCCAATCAGGCTGTGGG,12,6,57749305,57749324,GG,57749325,57749326,57749308,57749312,CCCAA,+,GTTCTCCTGTCCCCCACAGCCTGATTGGGCTGCCTCCAGAGG,True,True,True,CDK4
gRNA_75,CCAATCAGGCTGTGGGGGAC,GCAATCAGGCTGTGGGGGAC,12,6,57749309,57749328,AG,57749329,57749330,57749312,57749316,ATCAG,+,CAGAGTTCTCCTGTCCCCCACAGCCTGATTGGGCTGCCTCCA,True,True,True,CDK4
gRNA_76,CAATCAGGCTGTGGGGGACA,GAATCAGGCTGTGGGGGACA,12,6,57749310,57749329,GG,57749330,57749331,57749313,57749317,TCAGG,+,CCAGAGTTCTCCTGTCCCCCACAGCCTGATTGGGCTGCCTCC,True,True,True,CDK4
gRNA_77,ATCAGGCTGTGGGGGACAGG,GTCAGGCTGTGGGGGACAGG,12,6,57749312,57749331,AG,57749332,57749333,57749315,57749319,AGGCT,+,GACCAGAGTTCTCCTGTCCCCCACAGCCTGATTGGGCTGCCT,True,True,True,CDK4
gRNA_78,ACTCAAAGATTTTGCCCAAC,GCTCAAAGATTTTGCCCAAC,12,5,57749452,57749471,TG,57749472,57749473,57749455,57749459,CAAAG,+,TGAAGCCGACCAGTTGGGCAAAATCTTTGAGTAAGTGACCAA,True,True,True,CDK4
gRNA_79,CTCAAAGATTTTGCCCAACT,GTCAAAGATTTTGCCCAACT,12,5,57749453,57749472,GG,57749473,57749474,57749456,57749460,AAAGA,+,CTGAAGCCGACCAGTTGGGCAAAATCTTTGAGTAAGTGACCA,True,True,False,CDK4
gRNA_80,AAAGATTTTGCCCAACTGGT,GAAGATTTTGCCCAACTGGT,12,5,57749456,57749475,CG,57749476,57749477,57749459,57749463,GATTT,+,ACTCTGAAGCCGACCAGTTGGGCAAAATCTTTGAGTAAGTGA,True,True,False,CDK4
gRNA_81,AAGATTTTGCCCAACTGGTC,GAGATTTTGCCCAACTGGTC,12,5,57749457,57749476,GG,57749477,57749478,57749460,57749464,ATTTT,+,AACTCTGAAGCCGACCAGTTGGGCAAAATCTTTGAGTAAGTG,True,True,False,CDK4
gRNA_82,TTGCCCAACTGGTCGGCTTC,GTGCCCAACTGGTCGGCTTC,12,5,57749463,57749482,AG,57749483,57749484,57749466,57749470,CCCAA,+,TGTGGAAACTCTGAAGCCGACCAGTTGGGCAAAATCTTTGAG,True,True,True,CDK4
gRNA_83,GCCCAACTGGTCGGCTTCAG,GCCCAACTGGTCGGCTTCAG,12,5,57749465,57749484,AG,57749485,57749486,57749468,57749472,CAACT,+,TCTGTGGAAACTCTGAAGCCGACCAGTTGGGCAAAATCTTTG,True,True,True,CDK4
gRNA_84,GTCGGCTTCAGAGTTTCCAC,GTCGGCTTCAGAGTTTCCAC,12,5,57749474,57749493,AG,57749494,57749495,57749477,57749481,GGCTT,+,GGCCTCTCTTCTGTGGAAACTCTGAAGCCGACCAGTTGGGCA,True,False,True,CDK4
gRNA_85,GGCTTCAGAGTTTCCACAGA,GGCTTCAGAGTTTCCACAGA,12,5,57749477,57749496,AG,57749497,57749498,57749480,57749484,TTCAG,+,TTAGGCCTCTCTTCTGTGGAAACTCTGAAGCCGACCAGTTGG,True,True,True,CDK4
gRNA_86,CTTCAGAGTTTCCACAGAAG,GTTCAGAGTTTCCACAGAAG,12,5,57749479,57749498,AG,57749499,57749500,57749482,57749486,CAGAG,+,CCTTAGGCCTCTCTTCTGTGGAAACTCTGAAGCCGACCAGTT,True,True,True,CDK4
gRNA_87,TCAGAGTTTCCACAGAAGAG,GCAGAGTTTCCACAGAAGAG,12,5,57749481,57749500,AG,57749501,57749502,57749484,57749488,GAGTT,+,CACCTTAGGCCTCTCTTCTGTGGAAACTCTGAAGCCGACCAG,True,True,False,CDK4
gRNA_88,CAGAGTTTCCACAGAAGAGA,GAGAGTTTCCACAGAAGAGA,12,5,57749482,57749501,GG,57749502,57749503,57749485,57749489,AGTTT,+,TCACCTTAGGCCTCTCTTCTGTGGAAACTCTGAAGCCGACCA,True,True,False,CDK4
gRNA_89,TTCCACAGAAGAGAGGCCTA,GTCCACAGAAGAGAGGCCTA,12,5,57749488,57749507,AG,57749508,57749509,57749491,57749495,CACAG,+,CCCTTCTCACCTTAGGCCTCTCTTCTGTGGAAACTCTGAAGC,True,True,True,CDK4
gRNA_90,TCCACAGAAGAGAGGCCTAA,GCCACAGAAGAGAGGCCTAA,12,5,57749489,57749508,GG,57749509,57749510,57749492,57749496,ACAGA,+,TCCCTTCTCACCTTAGGCCTCTCTTCTGTGGAAACTCTGAAG,True,True,True,CDK4
gRNA_91,CACAGAAGAGAGGCCTAAGG,GACAGAAGAGAGGCCTAAGG,12,5,57749491,57749510,TG,57749511,57749512,57749494,57749498,AGAAG,+,TATCCCTTCTCACCTTAGGCCTCTCTTCTGTGGAAACTCTGA,True,True,False,CDK4
gRNA_92,CAGAAGAGAGGCCTAAGGTG,GAGAAGAGAGGCCTAAGGTG,12,5,57749493,57749512,AG,57749513,57749514,57749496,57749500,AAGAG,+,TATATCCCTTCTCACCTTAGGCCTCTCTTCTGTGGAAACTCT,True,True,False,CDK4
gRNA_93,AAGAGAGGCCTAAGGTGAGA,GAGAGAGGCCTAAGGTGAGA,12,5,57749496,57749515,AG,57749516,57749517,57749499,57749503,AGAGG,+,CCTTATATCCCTTCTCACCTTAGGCCTCTCTTCTGTGGAAAC,True,True,False,CDK4
gRNA_94,AGAGAGGCCTAAGGTGAGAA,GGAGAGGCCTAAGGTGAGAA,12,5,57749497,57749516,GG,57749517,57749518,57749500,57749504,GAGGC,+,ACCTTATATCCCTTCTCACCTTAGGCCTCTCTTCTGTGGAAA,True,True,True,CDK4
gRNA_95,GAGAGGCCTAAGGTGAGAAG,GAGAGGCCTAAGGTGAGAAG,12,5,57749498,57749517,GG,57749518,57749519,57749501,57749505,AGGCC,+,TACCTTATATCCCTTCTCACCTTAGGCCTCTCTTCTGTGGAA,True,True,True,CDK4
gRNA_96,TACTTTCGACGAAACATCTC,GACTTTCGACGAAACATCTC,12,4,57750653,57750672,TG,57750673,57750674,57750656,57750660,TTTCG,+,TGTATCTTTGCAGAGATGTTTCGTCGAAAGTATGGGACCCAC,True,False,True,CDK4
gRNA_97,TCGACGAAACATCTCTGCAA,GCGACGAAACATCTCTGCAA,12,4,57750658,57750677,AG,57750678,57750679,57750661,57750665,ACGAA,+,TTGGCTGTATCTTTGCAGAGATGTTTCGTCGAAAGTATGGGA,True,True,True,CDK4
gRNA_98,AAACATCTCTGCAAAGATAC,GAACATCTCTGCAAAGATAC,12,4,57750664,57750683,AG,57750684,57750685,57750667,57750671,CATCT,+,GGAGTGTTGGCTGTATCTTTGCAGAGATGTTTCGTCGAAAGT,True,True,True,CDK4
gRNA_99,GATACAGCCAACACTCCACA,GATACAGCCAACACTCCACA,12,4,57750679,57750698,TG,57750699,57750700,57750682,57750686,ACAGC,+,CACCTGTGGACATGTGGAGTGTTGGCTGTATCTTTGCAGAGA,True,True,True,CDK4
gRNA_100,CCAACACTCCACATGTCCAC,GCAACACTCCACATGTCCAC,12,4,57750686,57750705,AG,57750706,57750707,57750689,57750693,ACACT,+,TATGCAACACCTGTGGACATGTGGAGTGTTGGCTGTATCTTT,True,True,True,CDK4
gRNA_101,CAACACTCCACATGTCCACA,GAACACTCCACATGTCCACA,12,4,57750687,57750706,GG,57750707,57750708,57750690,57750694,CACTC,+,ATATGCAACACCTGTGGACATGTGGAGTGTTGGCTGTATCTT,True,True,True,CDK4
gRNA_102,ACACTCCACATGTCCACAGG,GCACTCCACATGTCCACAGG,12,4,57750689,57750708,TG,57750709,57750710,57750692,57750696,CTCCA,+,ACATATGCAACACCTGTGGACATGTGGAGTGTTGGCTGTATC,True,True,True,CDK4
gRNA_103,CTCCACATGTCCACAGGTGT,GTCCACATGTCCACAGGTGT,12,4,57750692,57750711,TG,57750712,57750713,57750695,57750699,CACAT,+,TCCACATATGCAACACCTGTGGACATGTGGAGTGTTGGCTGT,True,True,True,CDK4
gRNA_104,ATGTCCACAGGTGTTGCATA,GTGTCCACAGGTGTTGCATA,12,4,57750698,57750717,TG,57750718,57750719,57750701,57750705,TCCAC,+,CTGCAGTCCACATATGCAACACCTGTGGACATGTGGAGTGTT,True,True,True,CDK4
gRNA_105,GTCCACAGGTGTTGCATATG,GTCCACAGGTGTTGCATATG,12,4,57750700,57750719,TG,57750720,57750721,57750703,57750707,CACAG,+,TTCTGCAGTCCACATATGCAACACCTGTGGACATGTGGAGTG,True,True,True,CDK4
gRNA_106,TCCACAGGTGTTGCATATGT,GCCACAGGTGTTGCATATGT,12,4,57750701,57750720,GG,57750721,57750722,57750704,57750708,ACAGG,+,CTTCTGCAGTCCACATATGCAACACCTGTGGACATGTGGAGT,True,True,True,CDK4
gRNA_107,CAGGTGTTGCATATGTGGAC,GAGGTGTTGCATATGTGGAC,12,4,57750705,57750724,TG,57750725,57750726,57750708,57750712,GTGTT,+,AGTTCTTCTGCAGTCCACATATGCAACACCTGTGGACATGTG,True,False,False,CDK4
gRNA_108,GTGTTGCATATGTGGACTGC,GTGTTGCATATGTGGACTGC,12,4,57750708,57750727,AG,57750728,57750729,57750711,57750715,TTGCA,+,CGAAGTTCTTCTGCAGTCCACATATGCAACACCTGTGGACAT,True,True,True,CDK4
gRNA_109,TTGCATATGTGGACTGCAGA,GTGCATATGTGGACTGCAGA,12,4,57750711,57750730,AG,57750731,57750732,57750714,57750718,CATAT,+,TCCCGAAGTTCTTCTGCAGTCCACATATGCAACACCTGTGGA,True,True,True,CDK4
gRNA_110,TGTGGACTGCAGAAGAACTT,GGTGGACTGCAGAAGAACTT,12,4,57750718,57750737,CG,57750738,57750739,57750721,57750725,GGACT,+,ACCGAGCTCCCGAAGTTCTTCTGCAGTCCACATATGCAACAC,True,True,True,CDK4
gRNA_111,GTGGACTGCAGAAGAACTTC,GTGGACTGCAGAAGAACTTC,12,4,57750719,57750738,GG,57750739,57750740,57750722,57750726,GACTG,+,TACCGAGCTCCCGAAGTTCTTCTGCAGTCCACATATGCAACA,True,True,True,CDK4
gRNA_112,TGGACTGCAGAAGAACTTCG,GGGACTGCAGAAGAACTTCG,12,4,57750720,57750739,GG,57750740,57750741,57750723,57750727,ACTGC,+,GTACCGAGCTCCCGAAGTTCTTCTGCAGTCCACATATGCAAC,True,True,True,CDK4
gRNA_113,GACTGCAGAAGAACTTCGGG,GACTGCAGAAGAACTTCGGG,12,4,57750722,57750741,AG,57750742,57750743,57750725,57750729,TGCAG,+,TGGTACCGAGCTCCCGAAGTTCTTCTGCAGTCCACATATGCA,True,True,True,CDK4
gRNA_114,GCAGAAGAACTTCGGGAGCT,GCAGAAGAACTTCGGGAGCT,12,4,57750726,57750745,CG,57750746,57750747,57750729,57750733,GAAGA,+,ACTCTGGTACCGAGCTCCCGAAGTTCTTCTGCAGTCCACATA,True,True,False,CDK4
gRNA_115,CAGAAGAACTTCGGGAGCTC,GAGAAGAACTTCGGGAGCTC,12,4,57750727,57750746,GG,57750747,57750748,57750730,57750734,AAGAA,+,CACTCTGGTACCGAGCTCCCGAAGTTCTTCTGCAGTCCACAT,True,True,False,CDK4
gRNA_116,AACTTCGGGAGCTCGGTACC,GACTTCGGGAGCTCGGTACC,12,4,57750733,57750752,AG,57750753,57750754,57750736,57750740,TTCGG,+,TTGTTACACTCTGGTACCGAGCTCCCGAAGTTCTTCTGCAGT,True,False,True,CDK4
gRNA_117,CTTCGGGAGCTCGGTACCAG,GTTCGGGAGCTCGGTACCAG,12,4,57750735,57750754,AG,57750755,57750756,57750738,57750742,CGGGA,+,GGTTGTTACACTCTGGTACCGAGCTCCCGAAGTTCTTCTGCA,True,True,True,CDK4
gRNA_118,TCGGGAGCTCGGTACCAGAG,GCGGGAGCTCGGTACCAGAG,12,4,57750737,57750756,TG,57750757,57750758,57750740,57750744,GGAGC,+,TAGGTTGTTACACTCTGGTACCGAGCTCCCGAAGTTCTTCTG,True,True,True,CDK4
gRNA_119,ACCAGAGTGTAACAACCTAA,GCCAGAGTGTAACAACCTAA,12,4,57750750,57750769,AG,57750770,57750771,57750753,57750757,AGAGT,+,TTCCTATTCCCTTTAGGTTGTTACACTCTGGTACCGAGCTCC,True,True,False,CDK4
gRNA_120,CCAGAGTGTAACAACCTAAA,GCAGAGTGTAACAACCTAAA,12,4,57750751,57750770,GG,57750771,57750772,57750754,57750758,GAGTG,+,CTTCCTATTCCCTTTAGGTTGTTACACTCTGGTACCGAGCTC,True,True,False,CDK4
gRNA_121,CAGAGTGTAACAACCTAAAG,GAGAGTGTAACAACCTAAAG,12,4,57750752,57750771,GG,57750772,57750773,57750755,57750759,AGTGT,+,TCTTCCTATTCCCTTTAGGTTGTTACACTCTGGTACCGAGCT,True,True,False,CDK4
gRNA_122,TGTAACAACCTAAAGGGAAT,GGTAACAACCTAAAGGGAAT,12,4,57750757,57750776,AG,57750777,57750778,57750760,57750764,AACAA,+,TCCATTCTTCCTATTCCCTTTAGGTTGTTACACTCTGGTACC,True,True,True,CDK4
gRNA_123,GTAACAACCTAAAGGGAATA,GTAACAACCTAAAGGGAATA,12,4,57750758,57750777,GG,57750778,57750779,57750761,57750765,ACAAC,+,ATCCATTCTTCCTATTCCCTTTAGGTTGTTACACTCTGGTAC,True,True,True,CDK4
gRNA_124,ACAACCTAAAGGGAATAGGA,GCAACCTAAAGGGAATAGGA,12,4,57750761,57750780,AG,57750781,57750782,57750764,57750768,ACCTA,+,CCCATCCATTCTTCCTATTCCCTTTAGGTTGTTACACTCTGG,True,True,True,CDK4
gRNA_125,CCACGGGTGTAAGTGCCATC,GCACGGGTGTAAGTGCCATC,12,3,57750922,57750941,TG,57750942,57750943,57750925,57750929,CGGGT,+,CTACAGCTACCAGATGGCACTTACACCCGTGGTCAGTAGAAA,True,False,True,CDK4
gRNA_126,CACGGGTGTAAGTGCCATCT,GACGGGTGTAAGTGCCATCT,12,3,57750923,57750942,GG,57750943,57750944,57750926,57750930,GGGTG,+,TCTACAGCTACCAGATGGCACTTACACCCGTGGTCAGTAGAA,True,False,False,CDK4
gRNA_127,GGGTGTAAGTGCCATCTGGT,GGGTGTAAGTGCCATCTGGT,12,3,57750926,57750945,AG,57750946,57750947,57750929,57750933,TGTAA,+,GAATCTACAGCTACCAGATGGCACTTACACCCGTGGTCAGTA,True,True,False,CDK4
gRNA_128,TGTAAGTGCCATCTGGTAGC,GGTAAGTGCCATCTGGTAGC,12,3,57750929,57750948,TG,57750949,57750950,57750932,57750936,AAGTG,+,CCAGAATCTACAGCTACCAGATGGCACTTACACCCGTGGTCA,True,True,False,CDK4
gRNA_129,AAGTGCCATCTGGTAGCTGT,GAGTGCCATCTGGTAGCTGT,12,3,57750932,57750951,AG,57750952,57750953,57750935,57750939,TGCCA,+,TGGCCAGAATCTACAGCTACCAGATGGCACTTACACCCGTGG,True,True,True,CDK4
gRNA_130,CATCTGGTAGCTGTAGATTC,GATCTGGTAGCTGTAGATTC,12,3,57750938,57750957,TG,57750958,57750959,57750941,57750945,CTGGT,+,TTGGCCTGGCCAGAATCTACAGCTACCAGATGGCACTTACAC,True,False,True,CDK4
gRNA_131,ATCTGGTAGCTGTAGATTCT,GTCTGGTAGCTGTAGATTCT,12,3,57750939,57750958,GG,57750959,57750960,57750942,57750946,TGGTA,+,TTTGGCCTGGCCAGAATCTACAGCTACCAGATGGCACTTACA,True,True,False,CDK4
gRNA_132,GGTAGCTGTAGATTCTGGCC,GGTAGCTGTAGATTCTGGCC,12,3,57750943,57750962,AG,57750963,57750964,57750946,57750950,AGCTG,+,TGACTTTGGCCTGGCCAGAATCTACAGCTACCAGATGGCACT,True,True,True,CDK4
gRNA_133,GTAGCTGTAGATTCTGGCCA,GTAGCTGTAGATTCTGGCCA,12,3,57750944,57750963,GG,57750964,57750965,57750947,57750951,GCTGT,+,CTGACTTTGGCCTGGCCAGAATCTACAGCTACCAGATGGCAC,True,False,True,CDK4
gRNA_134,GTAGATTCTGGCCAGGCCAA,GTAGATTCTGGCCAGGCCAA,12,3,57750950,57750969,AG,57750970,57750971,57750953,57750957,GATTC,+,AGCTGGCTGACTTTGGCCTGGCCAGAATCTACAGCTACCAGA,True,True,True,CDK4
gRNA_135,ATTCTGGCCAGGCCAAAGTC,GTTCTGGCCAGGCCAAAGTC,12,3,57750954,57750973,AG,57750974,57750975,57750957,57750961,CTGGC,+,GTCAAGCTGGCTGACTTTGGCCTGGCCAGAATCTACAGCTAC,True,False,True,CDK4
gRNA_136,TGGCCAGGCCAAAGTCAGCC,GGGCCAGGCCAAAGTCAGCC,12,3,57750958,57750977,AG,57750978,57750979,57750961,57750965,CCAGG,+,AACAGTCAAGCTGGCTGACTTTGGCCTGGCCAGAATCTACAG,True,True,True,CDK4
gRNA_137,CAGGCCAAAGTCAGCCAGCT,GAGGCCAAAGTCAGCCAGCT,12,3,57750962,57750981,TG,57750982,57750983,57750965,57750969,GCCAA,+,GTGGAACAGTCAAGCTGGCTGACTTTGGCCTGGCCAGAATCT,True,True,True,CDK4
gRNA_138,CCAAAGTCAGCCAGCTTGAC,GCAAAGTCAGCCAGCTTGAC,12,3,57750966,57750985,TG,57750986,57750987,57750969,57750973,AAGTC,+,AGTGGTGGAACAGTCAAGCTGGCTGACTTTGGCCTGGCCAGA,True,True,True,CDK4
gRNA_139,AGCTTGACTGTTCCACCACT,GGCTTGACTGTTCCACCACT,12,3,57750978,57750997,TG,57750998,57750999,57750981,57750985,TTGAC,+,ATTCTGGTGACAAGTGGTGGAACAGTCAAGCTGGCTGACTTT,True,True,True,CDK4
gRNA_140,CTGTTCCACCACTTGTCACC,GTGTTCCACCACTTGTCACC,12,3,57750985,57751004,AG,57751005,57751006,57750988,57750992,TTCCA,+,AGAGAACATTCTGGTGACAAGTGGTGGAACAGTCAAGCTGGC,True,True,True,CDK4
gRNA_141,TCCACCACTTGTCACCAGAA,GCCACCACTTGTCACCAGAA,12,3,57750989,57751008,TG,57751009,57751010,57750992,57750996,ACCAC,+,AGCCAGAGAACATTCTGGTGACAAGTGGTGGAACAGTCAAGC,True,True,True,CDK4
gRNA_142,CTTGTCACCAGAATGTTCTC,GTTGTCACCAGAATGTTCTC,12,3,57750996,57751015,TG,57751016,57751017,57750999,57751003,GTCAC,+,GATCTGAAGCCAGAGAACATTCTGGTGACAAGTGGTGGAACA,True,True,True,CDK4
gRNA_143,TTGTCACCAGAATGTTCTCT,GTGTCACCAGAATGTTCTCT,12,3,57750997,57751016,GG,57751017,57751018,57751000,57751004,TCACC,+,AGATCTGAAGCCAGAGAACATTCTGGTGACAAGTGGTGGAAC,True,True,True,CDK4
gRNA_144,CCAGAATGTTCTCTGGCTTC,GCAGAATGTTCTCTGGCTTC,12,3,57751003,57751022,AG,57751023,57751024,57751006,57751010,GAATG,+,TCACCGAGATCTGAAGCCAGAGAACATTCTGGTGACAAGTGG,True,True,False,CDK4
gRNA_145,TGTTCTCTGGCTTCAGATCT,GGTTCTCTGGCTTCAGATCT,12,3,57751009,57751028,CG,57751029,57751030,57751012,57751016,TCTCT,+,CATCGTTCACCGAGATCTGAAGCCAGAGAACATTCTGGTGAC,True,False,True,CDK4
gRNA_146,GTTCTCTGGCTTCAGATCTC,GTTCTCTGGCTTCAGATCTC,12,3,57751010,57751029,GG,57751030,57751031,57751013,57751017,CTCTG,+,GCATCGTTCACCGAGATCTGAAGCCAGAGAACATTCTGGTGA,True,False,True,CDK4
gRNA_147,TCTCTGGCTTCAGATCTCGG,GCTCTGGCTTCAGATCTCGG,12,3,57751012,57751031,TG,57751032,57751033,57751015,57751019,CTGGC,+,TTGCATCGTTCACCGAGATCTGAAGCCAGAGAACATTCTGGT,True,False,True,CDK4
gRNA_148,TGGCTTCAGATCTCGGTGAA,GGGCTTCAGATCTCGGTGAA,12,3,57751016,57751035,CG,57751036,57751037,57751019,57751023,CTTCA,+,CCAATTGCATCGTTCACCGAGATCTGAAGCCAGAGAACATTC,True,True,True,CDK4
gRNA_149,CTTCAGATCTCGGTGAACGA,GTTCAGATCTCGGTGAACGA,12,3,57751019,57751038,TG,57751039,57751040,57751022,57751026,CAGAT,+,ATGCCAATTGCATCGTTCACCGAGATCTGAAGCCAGAGAACA,True,True,True,CDK4
gRNA_150,ATCTCGGTGAACGATGCAAT,GTCTCGGTGAACGATGCAAT,12,3,57751025,57751044,TG,57751045,57751046,57751028,57751032,TCGGT,+,TCCTTCATGCCAATTGCATCGTTCACCGAGATCTGAAGCCAG,True,False,True,CDK4
gRNA_151,TCTCGGTGAACGATGCAATT,GCTCGGTGAACGATGCAATT,12,3,57751026,57751045,GG,57751046,57751047,57751029,57751033,CGGTG,+,TTCCTTCATGCCAATTGCATCGTTCACCGAGATCTGAAGCCA,True,False,True,CDK4
gRNA_152,GGTGAACGATGCAATTGGCA,GGTGAACGATGCAATTGGCA,12,3,57751030,57751049,TG,57751050,57751051,57751033,57751037,GAACG,+,AGATTTCCTTCATGCCAATTGCATCGTTCACCGAGATCTGAA,True,True,True,CDK4
gRNA_153,GAACGATGCAATTGGCATGA,GAACGATGCAATTGGCATGA,12,3,57751033,57751052,AG,57751053,57751054,57751036,57751040,CGATG,+,CCTAGATTTCCTTCATGCCAATTGCATCGTTCACCGAGATCT,True,True,True,CDK4
gRNA_154,AACGATGCAATTGGCATGAA,GACGATGCAATTGGCATGAA,12,3,57751034,57751053,GG,57751054,57751055,57751037,57751041,GATGC,+,GCCTAGATTTCCTTCATGCCAATTGCATCGTTCACCGAGATC,True,True,True,CDK4
gRNA_155,AATTGGCATGAAGGAAATCT,GATTGGCATGAAGGAAATCT,12,3,57751042,57751061,AG,57751062,57751063,57751045,57751049,TGGCA,+,TCTAAGAGGCCTAGATTTCCTTCATGCCAATTGCATCGTTCA,True,True,True,CDK4
gRNA_156,ATTGGCATGAAGGAAATCTA,GTTGGCATGAAGGAAATCTA,12,3,57751043,57751062,GG,57751063,57751064,57751046,57751050,GGCAT,+,TTCTAAGAGGCCTAGATTTCCTTCATGCCAATTGCATCGTTC,True,True,True,CDK4
gRNA_157,GAAGGAAATCTAGGCCTCTT,GAAGGAAATCTAGGCCTCTT,12,3,57751051,57751070,AG,57751071,57751072,57751054,57751058,GGAAA,+,GCGCCAGTTTCTAAGAGGCCTAGATTTCCTTCATGCCAATTG,True,True,False,CDK4
gRNA_158,AATCTAGGCCTCTTAGAAAC,GATCTAGGCCTCTTAGAAAC,12,3,57751057,57751076,TG,57751077,57751078,57751060,57751064,CTAGG,+,TCTGATGCGCCAGTTTCTAAGAGGCCTAGATTTCCTTCATGC,True,True,True,CDK4
gRNA_159,ATCTAGGCCTCTTAGAAACT,GTCTAGGCCTCTTAGAAACT,12,3,57751058,57751077,GG,57751078,57751079,57751061,57751065,TAGGC,+,ATCTGATGCGCCAGTTTCTAAGAGGCCTAGATTTCCTTCATG,True,True,True,CDK4
gRNA_160,CTAGGCCTCTTAGAAACTGG,GTAGGCCTCTTAGAAACTGG,12,3,57751060,57751079,CG,57751080,57751081,57751063,57751067,GGCCT,+,GGATCTGATGCGCCAGTTTCTAAGAGGCCTAGATTTCCTTCA,True,False,True,CDK4
gRNA_161,CTCTTAGAAACTGGCGCATC,GTCTTAGAAACTGGCGCATC,12,3,57751066,57751085,AG,57751086,57751087,57751069,57751073,TTAGA,+,AAACTAGGATCTGATGCGCCAGTTTCTAAGAGGCCTAGATTT,True,True,False,CDK4
gRNA_162,AAACTGGCGCATCAGATCCT,GAACTGGCGCATCAGATCCT,12,3,57751073,57751092,AG,57751093,57751094,57751076,57751080,CTGGC,+,CCCTTTGAAACTAGGATCTGATGCGCCAGTTTCTAAGAGGCC,True,False,True,CDK4
gRNA_163,GCATCAGATCCTAGTTTCAA,GCATCAGATCCTAGTTTCAA,12,3,57751081,57751100,AG,57751101,57751102,57751084,57751088,TCAGA,+,TGTACCTCCCCTTTGAAACTAGGATCTGATGCGCCAGTTTCT,True,True,True,CDK4
gRNA_164,CATCAGATCCTAGTTTCAAA,GATCAGATCCTAGTTTCAAA,12,3,57751082,57751101,GG,57751102,57751103,57751085,57751089,CAGAT,+,CTGTACCTCCCCTTTGAAACTAGGATCTGATGCGCCAGTTTC,True,True,True,CDK4
gRNA_165,ATCAGATCCTAGTTTCAAAG,GTCAGATCCTAGTTTCAAAG,12,3,57751083,57751102,GG,57751103,57751104,57751086,57751090,AGATC,+,TCTGTACCTCCCCTTTGAAACTAGGATCTGATGCGCCAGTTT,True,True,True,CDK4
gRNA_166,TCAGATCCTAGTTTCAAAGG,GCAGATCCTAGTTTCAAAGG,12,3,57751084,57751103,GG,57751104,57751105,57751087,57751091,GATCC,+,ATCTGTACCTCCCCTTTGAAACTAGGATCTGATGCGCCAGTT,True,True,True,CDK4
gRNA_167,AGATCCTAGTTTCAAAGGGG,GGATCCTAGTTTCAAAGGGG,12,3,57751086,57751105,AG,57751106,57751107,57751089,57751093,TCCTA,+,GCATCTGTACCTCCCCTTTGAAACTAGGATCTGATGCGCCAG,True,True,True,CDK4
gRNA_168,GATCCTAGTTTCAAAGGGGA,GATCCTAGTTTCAAAGGGGA,12,3,57751087,57751106,GG,57751107,57751108,57751090,57751094,CCTAG,+,TGCATCTGTACCTCCCCTTTGAAACTAGGATCTGATGCGCCA,True,True,True,CDK4
gRNA_169,CTCACCTTGATCGTTTCGGC,GTCACCTTGATCGTTTCGGC,12,2,57751202,57751221,TG,57751222,57751223,57751205,57751209,ACCTT,+,CCAGGCTTGCCAGCCGAAACGATCAAGGTGAGTGGGGTTGGT,True,True,True,CDK4
gRNA_170,TCACCTTGATCGTTTCGGCT,GCACCTTGATCGTTTCGGCT,12,2,57751203,57751222,GG,57751223,57751224,57751206,57751210,CCTTG,+,ACCAGGCTTGCCAGCCGAAACGATCAAGGTGAGTGGGGTTGG,True,False,True,CDK4
gRNA_171,CTTGATCGTTTCGGCTGGCA,GTTGATCGTTTCGGCTGGCA,12,2,57751207,57751226,AG,57751227,57751228,57751210,57751214,GATCG,+,CCCCACCAGGCTTGCCAGCCGAAACGATCAAGGTGAGTGGGG,True,True,True,CDK4
gRNA_172,ATCGTTTCGGCTGGCAAGCC,GTCGTTTCGGCTGGCAAGCC,12,2,57751211,57751230,TG,57751231,57751232,57751214,57751218,GTTTC,+,GCACCCCCACCAGGCTTGCCAGCCGAAACGATCAAGGTGAGT,True,False,True,CDK4
gRNA_173,TCGTTTCGGCTGGCAAGCCT,GCGTTTCGGCTGGCAAGCCT,12,2,57751212,57751231,GG,57751232,57751233,57751215,57751219,TTTCG,+,GGCACCCCCACCAGGCTTGCCAGCCGAAACGATCAAGGTGAG,True,False,True,CDK4
gRNA_174,GTTTCGGCTGGCAAGCCTGG,GTTTCGGCTGGCAAGCCTGG,12,2,57751214,57751233,TG,57751234,57751235,57751217,57751221,TCGGC,+,AAGGCACCCCCACCAGGCTTGCCAGCCGAAACGATCAAGGTG,True,False,True,CDK4
gRNA_175,TTTCGGCTGGCAAGCCTGGT,GTTCGGCTGGCAAGCCTGGT,12,2,57751215,57751234,GG,57751235,57751236,57751218,57751222,CGGCT,+,CAAGGCACCCCCACCAGGCTTGCCAGCCGAAACGATCAAGGT,True,False,True,CDK4
gRNA_176,TTCGGCTGGCAAGCCTGGTG,GTCGGCTGGCAAGCCTGGTG,12,2,57751216,57751235,GG,57751236,57751237,57751219,57751223,GGCTG,+,ACAAGGCACCCCCACCAGGCTTGCCAGCCGAAACGATCAAGG,True,False,True,CDK4
gRNA_177,TCGGCTGGCAAGCCTGGTGG,GCGGCTGGCAAGCCTGGTGG,12,2,57751217,57751236,GG,57751237,57751238,57751220,57751224,GCTGG,+,GACAAGGCACCCCCACCAGGCTTGCCAGCCGAAACGATCAAG,True,False,True,CDK4
gRNA_178,CGGCTGGCAAGCCTGGTGGG,GGGCTGGCAAGCCTGGTGGG,12,2,57751218,57751237,GG,57751238,57751239,57751221,57751225,CTGGC,+,GGACAAGGCACCCCCACCAGGCTTGCCAGCCGAAACGATCAA,True,False,True,CDK4
gRNA_179,GCTGGCAAGCCTGGTGGGGG,GCTGGCAAGCCTGGTGGGGG,12,2,57751220,57751239,TG,57751240,57751241,57751223,57751227,GGCAA,+,CTGGACAAGGCACCCCCACCAGGCTTGCCAGCCGAAACGATC,True,True,True,CDK4
gRNA_180,CAAGCCTGGTGGGGGTGCCT,GAAGCCTGGTGGGGGTGCCT,12,2,57751225,57751244,TG,57751245,57751246,57751228,57751232,GCCTG,+,CATATCTGGACAAGGCACCCCCACCAGGCTTGCCAGCCGAAA,True,False,True,CDK4
gRNA_181,CTGGTGGGGGTGCCTTGTCC,GTGGTGGGGGTGCCTTGTCC,12,2,57751230,57751249,AG,57751250,57751251,57751233,57751237,GTGGG,+,AAGGACATATCTGGACAAGGCACCCCCACCAGGCTTGCCAGC,True,False,False,CDK4
gRNA_182,GGGGGTGCCTTGTCCAGATA,GGGGGTGCCTTGTCCAGATA,12,2,57751235,57751254,TG,57751255,57751256,57751238,57751242,GGTGC,+,GACCTAAGGACATATCTGGACAAGGCACCCCCACCAGGCTTG,True,False,True,CDK4
gRNA_183,CCTTGTCCAGATATGTCCTT,GCTTGTCCAGATATGTCCTT,12,2,57751242,57751261,AG,57751262,57751263,57751245,57751249,TGTCC,+,AGACCAGGACCTAAGGACATATCTGGACAAGGCACCCCCACC,True,False,True,CDK4
gRNA_184,CTTGTCCAGATATGTCCTTA,GTTGTCCAGATATGTCCTTA,12,2,57751243,57751262,GG,57751263,57751264,57751246,57751250,GTCCA,+,TAGACCAGGACCTAAGGACATATCTGGACAAGGCACCCCCAC,True,True,True,CDK4
gRNA_185,CCAGATATGTCCTTAGGTCC,GCAGATATGTCCTTAGGTCC,12,2,57751248,57751267,TG,57751268,57751269,57751251,57751255,GATAT,+,GCATGTAGACCAGGACCTAAGGACATATCTGGACAAGGCACC,True,True,False,CDK4
gRNA_186,CAGATATGTCCTTAGGTCCT,GAGATATGTCCTTAGGTCCT,12,2,57751249,57751268,GG,57751269,57751270,57751252,57751256,ATATG,+,AGCATGTAGACCAGGACCTAAGGACATATCTGGACAAGGCAC,True,True,False,CDK4
gRNA_187,TCCTTAGGTCCTGGTCTACA,GCCTTAGGTCCTGGTCTACA,12,2,57751257,57751276,TG,57751277,57751278,57751260,57751264,TTAGG,+,GGTGTTTGAGCATGTAGACCAGGACCTAAGGACATATCTGGA,True,True,False,CDK4
gRNA_188,GGTCTACATGCTCAAACACC,GGTCTACATGCTCAAACACC,12,2,57751269,57751288,AG,57751289,57751290,57751272,57751276,CTACA,+,CAAGGTAACCCTGGTGTTTGAGCATGTAGACCAGGACCTAAG,True,True,True,CDK4
gRNA_189,GTCTACATGCTCAAACACCA,GTCTACATGCTCAAACACCA,12,2,57751270,57751289,GG,57751290,57751291,57751273,57751277,TACAT,+,TCAAGGTAACCCTGGTGTTTGAGCATGTAGACCAGGACCTAA,True,True,True,CDK4
gRNA_190,TCTACATGCTCAAACACCAG,GCTACATGCTCAAACACCAG,12,2,57751271,57751290,GG,57751291,57751292,57751274,57751278,ACATG,+,ATCAAGGTAACCCTGGTGTTTGAGCATGTAGACCAGGACCTA,True,True,True,CDK4
gRNA_191,CTCAAACACCAGGGTTACCT,GTCAAACACCAGGGTTACCT,12,2,57751279,57751298,TG,57751299,57751300,57751282,57751286,AAACA,+,ACCGGGAGATCAAGGTAACCCTGGTGTTTGAGCATGTAGACC,True,True,True,CDK4
gRNA_192,CCAGGGTTACCTTGATCTCC,GCAGGGTTACCTTGATCTCC,12,2,57751287,57751306,CG,57751307,57751308,57751290,57751294,GGGTT,+,CCGAACTGACCGGGAGATCAAGGTAACCCTGGTGTTTGAGCA,True,False,False,CDK4
gRNA_193,CAGGGTTACCTTGATCTCCC,GAGGGTTACCTTGATCTCCC,12,2,57751288,57751307,GG,57751308,57751309,57751291,57751295,GGTTA,+,CCCGAACTGACCGGGAGATCAAGGTAACCCTGGTGTTTGAGC,True,True,False,CDK4
gRNA_194,GTTACCTTGATCTCCCGGTC,GTTACCTTGATCTCCCGGTC,12,2,57751292,57751311,AG,57751312,57751313,57751295,57751299,ACCTT,+,ACATCCCGAACTGACCGGGAGATCAAGGTAACCCTGGTGTTT,True,True,True,CDK4
gRNA_195,CCTTGATCTCCCGGTCAGTT,GCTTGATCTCCCGGTCAGTT,12,2,57751296,57751315,CG,57751316,57751317,57751299,57751303,TGATC,+,TGCCACATCCCGAACTGACCGGGAGATCAAGGTAACCCTGGT,True,True,True,CDK4
gRNA_196,CTTGATCTCCCGGTCAGTTC,GTTGATCTCCCGGTCAGTTC,12,2,57751297,57751316,GG,57751317,57751318,57751300,57751304,GATCT,+,GTGCCACATCCCGAACTGACCGGGAGATCAAGGTAACCCTGG,True,True,True,CDK4
gRNA_197,TTGATCTCCCGGTCAGTTCG,GTGATCTCCCGGTCAGTTCG,12,2,57751298,57751317,GG,57751318,57751319,57751301,57751305,ATCTC,+,TGTGCCACATCCCGAACTGACCGGGAGATCAAGGTAACCCTG,True,True,True,CDK4
gRNA_198,ATCTCCCGGTCAGTTCGGGA,GTCTCCCGGTCAGTTCGGGA,12,2,57751301,57751320,TG,57751321,57751322,57751304,57751308,TCCCG,+,GTCTGTGCCACATCCCGAACTGACCGGGAGATCAAGGTAACC,True,False,True,CDK4
gRNA_199,CTCCCGGTCAGTTCGGGATG,GTCCCGGTCAGTTCGGGATG,12,2,57751303,57751322,TG,57751323,57751324,57751306,57751310,CCGGT,+,ACGTCTGTGCCACATCCCGAACTGACCGGGAGATCAAGGTAA,True,False,True,CDK4
gRNA_200,TCCCGGTCAGTTCGGGATGT,GCCCGGTCAGTTCGGGATGT,12,2,57751304,57751323,GG,57751324,57751325,57751307,57751311,CGGTC,+,GACGTCTGTGCCACATCCCGAACTGACCGGGAGATCAAGGTA,True,False,True,CDK4
gRNA_201,GTCAGTTCGGGATGTGGCAC,GTCAGTTCGGGATGTGGCAC,12,2,57751309,57751328,AG,57751329,57751330,57751312,57751316,AGTTC,+,TGATGGACGTCTGTGCCACATCCCGAACTGACCGGGAGATCA,True,True,True,CDK4
gRNA_202,AGTTCGGGATGTGGCACAGA,GGTTCGGGATGTGGCACAGA,12,2,57751312,57751331,CG,57751332,57751333,57751315,57751319,TCGGG,+,GGCTGATGGACGTCTGTGCCACATCCCGAACTGACCGGGAGA,True,False,True,CDK4
gRNA_203,ATGTGGCACAGACGTCCATC,GTGTGGCACAGACGTCCATC,12,2,57751320,57751339,AG,57751340,57751341,57751323,57751327,TGGCA,+,TCTGGTCAGGCTGATGGACGTCTGTGCCACATCCCGAACTGA,True,True,True,CDK4
gRNA_204,GGCACAGACGTCCATCAGCC,GGCACAGACGTCCATCAGCC,12,2,57751324,57751343,TG,57751344,57751345,57751327,57751331,ACAGA,+,TTACTCTGGTCAGGCTGATGGACGTCTGTGCCACATCCCGAA,True,True,True,CDK4
gRNA_205,AGACGTCCATCAGCCTGACC,GGACGTCCATCAGCCTGACC,12,2,57751329,57751348,AG,57751349,57751350,57751332,57751336,CGTCC,+,AGCATTTACTCTGGTCAGGCTGATGGACGTCTGTGCCACATC,True,False,True,CDK4
gRNA_206,ACGTCCATCAGCCTGACCAG,GCGTCCATCAGCCTGACCAG,12,2,57751331,57751350,AG,57751351,57751352,57751334,57751338,TCCAT,+,TGAGCATTTACTCTGGTCAGGCTGATGGACGTCTGTGCCACA,True,True,True,CDK4
gRNA_207,ATCAGCCTGACCAGAGTAAA,GTCAGCCTGACCAGAGTAAA,12,2,57751337,57751356,TG,57751357,57751358,57751340,57751344,AGCCT,+,GAAAAGTGAGCATTTACTCTGGTCAGGCTGATGGACGTCTGT,True,True,True,CDK4
gRNA_208,CTCACCGGACAACATTGGGA,GTCACCGGACAACATTGGGA,12,1,57751495,57751514,TG,57751515,57751516,57751498,57751502,ACCGG,+,GGCTTTTGAGCATCCCAATGTTGTCCGGTGAGAAGGTGGTGG,True,True,True,CDK4
gRNA_209,ACAACATTGGGATGCTCAAA,GCAACATTGGGATGCTCAAA,12,1,57751503,57751522,AG,57751523,57751524,57751506,57751510,ACATT,+,CGACTGGAGGCTTTTGAGCATCCCAATGTTGTCCGGTGAGAA,True,True,True,CDK4
gRNA_210,TGGGATGCTCAAAAGCCTCC,GGGGATGCTCAAAAGCCTCC,12,1,57751510,57751529,AG,57751530,57751531,57751513,57751517,GATGC,+,ACTGAGGCGACTGGAGGCTTTTGAGCATCCCAATGTTGTCCG,True,True,True,CDK4
gRNA_211,GATGCTCAAAAGCCTCCAGT,GATGCTCAAAAGCCTCCAGT,12,1,57751513,57751532,CG,57751533,57751534,57751516,57751520,GCTCA,+,TTTACTGAGGCGACTGGAGGCTTTTGAGCATCCCAATGTTGT,True,True,True,CDK4
gRNA_212,CAAAAGCCTCCAGTCGCCTC,GAAAAGCCTCCAGTCGCCTC,12,1,57751519,57751538,AG,57751539,57751540,57751522,57751526,AAGCC,+,GGTGGCTTTACTGAGGCGACTGGAGGCTTTTGAGCATCCCAA,True,True,True,CDK4
gRNA_213,GCCTCCAGTCGCCTCAGTAA,GCCTCCAGTCGCCTCAGTAA,12,1,57751524,57751543,AG,57751544,57751545,57751527,57751531,TCCAG,+,CGTGAGGTGGCTTTACTGAGGCGACTGGAGGCTTTTGAGCAT,True,True,True,CDK4
gRNA_214,GCCTCAGTAAAGCCACCTCA,GCCTCAGTAAAGCCACCTCA,12,1,57751534,57751553,CG,57751554,57751555,57751537,57751541,TCAGT,+,CAGCACAGTTCGTGAGGTGGCTTTACTGAGGCGACTGGAGGC,True,True,True,CDK4
gRNA_215,AGTAAAGCCACCTCACGAAC,GGTAAAGCCACCTCACGAAC,12,1,57751539,57751558,TG,57751559,57751560,57751542,57751546,AAAGC,+,CCCATCAGCACAGTTCGTGAGGTGGCTTTACTGAGGCGACTG,True,True,True,CDK4
gRNA_216,TAAAGCCACCTCACGAACTG,GAAAGCCACCTCACGAACTG,12,1,57751541,57751560,TG,57751561,57751562,57751544,57751548,AGCCA,+,TTCCCATCAGCACAGTTCGTGAGGTGGCTTTACTGAGGCGAC,True,True,True,CDK4
gRNA_217,AGCCACCTCACGAACTGTGC,GGCCACCTCACGAACTGTGC,12,1,57751544,57751563,TG,57751564,57751565,57751547,57751551,CACCT,+,GCCTTCCCATCAGCACAGTTCGTGAGGTGGCTTTACTGAGGC,True,True,True,CDK4
gRNA_218,CACCTCACGAACTGTGCTGA,GACCTCACGAACTGTGCTGA,12,1,57751547,57751566,TG,57751567,57751568,57751550,57751554,CTCAC,+,GAGGCCTTCCCATCAGCACAGTTCGTGAGGTGGCTTTACTGA,True,True,True,CDK4
gRNA_219,ACCTCACGAACTGTGCTGAT,GCCTCACGAACTGTGCTGAT,12,1,57751548,57751567,GG,57751568,57751569,57751551,57751555,TCACG,+,GGAGGCCTTCCCATCAGCACAGTTCGTGAGGTGGCTTTACTG,True,True,True,CDK4
gRNA_220,CCTCACGAACTGTGCTGATG,GCTCACGAACTGTGCTGATG,12,1,57751549,57751568,GG,57751569,57751570,57751552,57751556,CACGA,+,AGGAGGCCTTCCCATCAGCACAGTTCGTGAGGTGGCTTTACT,True,True,True,CDK4
gRNA_221,CACGAACTGTGCTGATGGGA,GACGAACTGTGCTGATGGGA,12,1,57751552,57751571,AG,57751572,57751573,57751555,57751559,GAACT,+,TGGAGGAGGCCTTCCCATCAGCACAGTTCGTGAGGTGGCTTT,True,True,True,CDK4
gRNA_222,ACGAACTGTGCTGATGGGAA,GCGAACTGTGCTGATGGGAA,12,1,57751553,57751572,GG,57751573,57751574,57751556,57751560,AACTG,+,GTGGAGGAGGCCTTCCCATCAGCACAGTTCGTGAGGTGGCTT,True,True,True,CDK4
gRNA_223,TCCTCCACCTCCTCCTCCAT,GCCTCCACCTCCTCCTCCAT,12,1,57751577,57751596,TG,57751597,57751598,57751580,57751584,TCCAC,+,TGAGAGTCCCCAATGGAGGAGGAGGTGGAGGAGGCCTTCCCA,True,True,True,CDK4
gRNA_224,CCTCCACCTCCTCCTCCATT,GCTCCACCTCCTCCTCCATT,12,1,57751578,57751597,GG,57751598,57751599,57751581,57751585,CCACC,+,GTGAGAGTCCCCAATGGAGGAGGAGGTGGAGGAGGCCTTCCC,True,True,True,CDK4
gRNA_225,CTCCACCTCCTCCTCCATTG,GTCCACCTCCTCCTCCATTG,12,1,57751579,57751598,GG,57751599,57751600,57751582,57751586,CACCT,+,TGTGAGAGTCCCCAATGGAGGAGGAGGTGGAGGAGGCCTTCC,True,True,True,CDK4
gRNA_226,TCCACCTCCTCCTCCATTGG,GCCACCTCCTCCTCCATTGG,12,1,57751580,57751599,GG,57751600,57751601,57751583,57751587,ACCTC,+,GTGTGAGAGTCCCCAATGGAGGAGGAGGTGGAGGAGGCCTTC,True,True,True,CDK4
gRNA_227,ATTGGGGACTCTCACACTCT,GTTGGGGACTCTCACACTCT,12,1,57751595,57751614,TG,57751615,57751616,57751598,57751602,GGGGA,+,TTGTGGCCCTCAAGAGTGTGAGAGTCCCCAATGGAGGAGGAG,True,True,False,CDK4
gRNA_228,TGGGGACTCTCACACTCTTG,GGGGGACTCTCACACTCTTG,12,1,57751597,57751616,AG,57751617,57751618,57751600,57751604,GGACT,+,CTTTGTGGCCCTCAAGAGTGTGAGAGTCCCCAATGGAGGAGG,True,True,True,CDK4
gRNA_229,GGGGACTCTCACACTCTTGA,GGGGACTCTCACACTCTTGA,12,1,57751598,57751617,GG,57751618,57751619,57751601,57751605,GACTC,+,ACTTTGTGGCCCTCAAGAGTGTGAGAGTCCCCAATGGAGGAG,True,True,True,CDK4
gRNA_230,GGGACTCTCACACTCTTGAG,GGGACTCTCACACTCTTGAG,12,1,57751599,57751618,GG,57751619,57751620,57751602,57751606,ACTCT,+,CACTTTGTGGCCCTCAAGAGTGTGAGAGTCCCCAATGGAGGA,True,True,True,CDK4
gRNA_231,CACACTCTTGAGGGCCACAA,GACACTCTTGAGGGCCACAA,12,1,57751607,57751626,AG,57751627,57751628,57751610,57751614,ACTCT,+,ACAGTGGCCACTTTGTGGCCCTCAAGAGTGTGAGAGTCCCCA,True,True,True,CDK4
gRNA_232,CACTCTTGAGGGCCACAAAG,GACTCTTGAGGGCCACAAAG,12,1,57751609,57751628,TG,57751629,57751630,57751612,57751616,TCTTG,+,CCACAGTGGCCACTTTGTGGCCCTCAAGAGTGTGAGAGTCCC,True,False,True,CDK4
gRNA_233,ACTCTTGAGGGCCACAAAGT,GCTCTTGAGGGCCACAAAGT,12,1,57751610,57751629,GG,57751630,57751631,57751613,57751617,CTTGA,+,CCCACAGTGGCCACTTTGTGGCCCTCAAGAGTGTGAGAGTCC,True,True,True,CDK4
gRNA_234,GAGGGCCACAAAGTGGCCAC,GAGGGCCACAAAGTGGCCAC,12,1,57751616,57751635,TG,57751636,57751637,57751619,57751623,GGCCA,+,GTGATCCCCACAGTGGCCACTTTGTGGCCCTCAAGAGTGTGA,True,True,True,CDK4
gRNA_235,GGGCCACAAAGTGGCCACTG,GGGCCACAAAGTGGCCACTG,12,1,57751618,57751637,TG,57751638,57751639,57751621,57751625,CCACA,+,CCGTGATCCCCACAGTGGCCACTTTGTGGCCCTCAAGAGTGT,True,True,True,CDK4
gRNA_236,GGCCACAAAGTGGCCACTGT,GGCCACAAAGTGGCCACTGT,12,1,57751619,57751638,GG,57751639,57751640,57751622,57751626,CACAA,+,CCCGTGATCCCCACAGTGGCCACTTTGTGGCCCTCAAGAGTG,True,True,True,CDK4
gRNA_237,GCCACAAAGTGGCCACTGTG,GCCACAAAGTGGCCACTGTG,12,1,57751620,57751639,GG,57751640,57751641,57751623,57751627,ACAAA,+,GCCCGTGATCCCCACAGTGGCCACTTTGTGGCCCTCAAGAGT,True,True,True,CDK4
gRNA_238,CCACAAAGTGGCCACTGTGG,GCACAAAGTGGCCACTGTGG,12,1,57751621,57751640,GG,57751641,57751642,57751624,57751628,CAAAG,+,GGCCCGTGATCCCCACAGTGGCCACTTTGTGGCCCTCAAGAG,True,True,True,CDK4
gRNA_239,AGTGGCCACTGTGGGGATCA,GGTGGCCACTGTGGGGATCA,12,1,57751627,57751646,CG,57751647,57751648,57751630,57751634,GGCCA,+,GTACAAGGCCCGTGATCCCCACAGTGGCCACTTTGTGGCCCT,True,True,True,CDK4
gRNA_240,GTGGCCACTGTGGGGATCAC,GTGGCCACTGTGGGGATCAC,12,1,57751628,57751647,GG,57751648,57751649,57751631,57751635,GCCAC,+,TGTACAAGGCCCGTGATCCCCACAGTGGCCACTTTGTGGCCC,True,True,True,CDK4
gRNA_241,TGGCCACTGTGGGGATCACG,GGGCCACTGTGGGGATCACG,12,1,57751629,57751648,GG,57751649,57751650,57751632,57751636,CCACT,+,GTGTACAAGGCCCGTGATCCCCACAGTGGCCACTTTGTGGCC,True,True,True,CDK4
gRNA_242,ACTGTGGGGATCACGGGCCT,GCTGTGGGGATCACGGGCCT,12,1,57751634,57751653,TG,57751654,57751655,57751637,57751641,GTGGG,+,GGACAGTGTACAAGGCCCGTGATCCCCACAGTGGCCACTTTG,True,False,False,CDK4
gRNA_243,GGATCACGGGCCTTGTACAC,GGATCACGGGCCTTGTACAC,12,1,57751641,57751660,TG,57751661,57751662,57751644,57751648,TCACG,+,GCCTATGGGACAGTGTACAAGGCCCGTGATCCCCACAGTGGC,True,True,True,CDK4
gRNA_244,GGCCTTGTACACTGTCCCAT,GGCCTTGTACACTGTCCCAT,12,1,57751649,57751668,AG,57751669,57751670,57751652,57751656,CTTGT,+,GTGTCGGTGCCTATGGGACAGTGTACAAGGCCCGTGATCCCC,True,False,True,CDK4
gRNA_245,GCCTTGTACACTGTCCCATA,GCCTTGTACACTGTCCCATA,12,1,57751650,57751669,GG,57751670,57751671,57751653,57751657,TTGTA,+,GGTGTCGGTGCCTATGGGACAGTGTACAAGGCCCGTGATCCC,True,True,False,CDK4
gRNA_246,GTACACTGTCCCATAGGCAC,GTACACTGTCCCATAGGCAC,12,1,57751655,57751674,CG,57751675,57751676,57751658,57751662,CACTG,+,AAATTGGTGTCGGTGCCTATGGGACAGTGTACAAGGCCCGTG,True,True,True,CDK4
gRNA_247,TAGGCACCGACACCAATTTC,GAGGCACCGACACCAATTTC,12,1,57751668,57751687,AG,57751688,57751689,57751671,57751675,GCACC,+,GAGCCAGTGGCTGAAATTGGTGTCGGTGCCTATGGGACAGTG,True,True,True,CDK4
gRNA_248,CCGACACCAATTTCAGCCAC,GCGACACCAATTTCAGCCAC,12,1,57751674,57751693,TG,57751694,57751695,57751677,57751681,ACACC,+,CGATATGAGCCAGTGGCTGAAATTGGTGTCGGTGCCTATGGG,True,True,True,CDK4
gRNA_249,CGACACCAATTTCAGCCACT,GGACACCAATTTCAGCCACT,12,1,57751675,57751694,GG,57751695,57751696,57751678,57751682,CACCA,+,TCGATATGAGCCAGTGGCTGAAATTGGTGTCGGTGCCTATGG,True,True,True,CDK4
gRNA_250,TTTCAGCCACTGGCTCATAT,GTTCAGCCACTGGCTCATAT,12,1,57751684,57751703,CG,57751704,57751705,57751687,57751691,CAGCC,+,GGCTACCTCTCGATATGAGCCAGTGGCTGAAATTGGTGTCGG,True,True,True,CDK4
gRNA_251,TCAGCCACTGGCTCATATCG,GCAGCCACTGGCTCATATCG,12,1,57751686,57751705,AG,57751706,57751707,57751689,57751693,GCCAC,+,ATGGCTACCTCTCGATATGAGCCAGTGGCTGAAATTGGTGTC,True,True,True,CDK4
gRNA_252,AGCCACTGGCTCATATCGAG,GGCCACTGGCTCATATCGAG,12,1,57751688,57751707,AG,57751708,57751709,57751691,57751695,CACTG,+,GAATGGCTACCTCTCGATATGAGCCAGTGGCTGAAATTGGTG,True,True,True,CDK4
gRNA_253,GCCACTGGCTCATATCGAGA,GCCACTGGCTCATATCGAGA,12,1,57751689,57751708,GG,57751709,57751710,57751692,57751696,ACTGG,+,AGAATGGCTACCTCTCGATATGAGCCAGTGGCTGAAATTGGT,True,True,True,CDK4
gRNA_254,ACTGGCTCATATCGAGAGGT,GCTGGCTCATATCGAGAGGT,12,1,57751692,57751711,AG,57751712,57751713,57751695,57751699,GGCTC,+,CTGAGAATGGCTACCTCTCGATATGAGCCAGTGGCTGAAATT,True,False,True,CDK4
gRNA_255,ATCGAGAGGTAGCCATTCTC,GTCGAGAGGTAGCCATTCTC,12,1,57751702,57751721,AG,57751722,57751723,57751705,57751709,GAGAG,+,CTCCCTTGATCTGAGAATGGCTACCTCTCGATATGAGCCAGT,True,True,False,CDK4
gRNA_256,AGGTAGCCATTCTCAGATCA,GGGTAGCCATTCTCAGATCA,12,1,57751708,57751727,AG,57751728,57751729,57751711,57751715,TAGCC,+,TAGGGTCTCCCTTGATCTGAGAATGGCTACCTCTCGATATGA,True,True,True,CDK4
gRNA_257,GGTAGCCATTCTCAGATCAA,GGTAGCCATTCTCAGATCAA,12,1,57751709,57751728,GG,57751729,57751730,57751712,57751716,AGCCA,+,GTAGGGTCTCCCTTGATCTGAGAATGGCTACCTCTCGATATG,True,True,True,CDK4
gRNA_258,GTAGCCATTCTCAGATCAAG,GTAGCCATTCTCAGATCAAG,12,1,57751710,57751729,GG,57751730,57751731,57751713,57751717,GCCAT,+,TGTAGGGTCTCCCTTGATCTGAGAATGGCTACCTCTCGATAT,True,True,True,CDK4
gRNA_259,AGCCATTCTCAGATCAAGGG,GGCCATTCTCAGATCAAGGG,12,1,57751712,57751731,AG,57751732,57751733,57751715,57751719,CATTC,+,ATTGTAGGGTCTCCCTTGATCTGAGAATGGCTACCTCTCGAT,True,True,True,CDK4
gRNA_260,TCCGGAGTGAGCAATGGAGT,GCCGGAGTGAGCAATGGAGT,12,7,57748534,57748515,GG,57748513,57748512,57748531,57748527,GGAGT,-,TCCATGGCAGCCACTCCATTGCTCACTCCGGATTACCTTCAT,True,True,False,CDK4
gRNA_261,ATCCGGAGTGAGCAATGGAG,GTCCGGAGTGAGCAATGGAG,12,7,57748535,57748516,TG,57748514,57748513,57748532,57748528,CGGAG,-,CCATGGCAGCCACTCCATTGCTCACTCCGGATTACCTTCATC,True,True,True,CDK4
gRNA_262,TAATCCGGAGTGAGCAATGG,GAATCCGGAGTGAGCAATGG,12,7,57748537,57748518,AG,57748516,57748515,57748534,57748530,TCCGG,-,ATGGCAGCCACTCCATTGCTCACTCCGGATTACCTTCATCCT,True,False,True,CDK4
gRNA_263,GGTAATCCGGAGTGAGCAAT,GGTAATCCGGAGTGAGCAAT,12,7,57748539,57748520,GG,57748518,57748517,57748536,57748532,AATCC,-,GGCAGCCACTCCATTGCTCACTCCGGATTACCTTCATCCTTA,True,True,True,CDK4
gRNA_264,AGGTAATCCGGAGTGAGCAA,GGGTAATCCGGAGTGAGCAA,12,7,57748540,57748521,TG,57748519,57748518,57748537,57748533,TAATC,-,GCAGCCACTCCATTGCTCACTCCGGATTACCTTCATCCTTAT,True,True,True,CDK4
gRNA_265,GATGAAGGTAATCCGGAGTG,GATGAAGGTAATCCGGAGTG,12,7,57748545,57748526,AG,57748524,57748523,57748542,57748538,GAAGG,-,CACTCCATTGCTCACTCCGGATTACCTTCATCCTTATGTAGA,True,True,False,CDK4
gRNA_266,AGGATGAAGGTAATCCGGAG,GGGATGAAGGTAATCCGGAG,12,7,57748547,57748528,TG,57748526,57748525,57748544,57748540,ATGAA,-,CTCCATTGCTCACTCCGGATTACCTTCATCCTTATGTAGATA,True,True,False,CDK4
gRNA_267,TAAGGATGAAGGTAATCCGG,GAAGGATGAAGGTAATCCGG,12,7,57748549,57748530,AG,57748528,57748527,57748546,57748542,GGATG,-,CCATTGCTCACTCCGGATTACCTTCATCCTTATGTAGATAAG,True,True,False,CDK4
gRNA_268,CATAAGGATGAAGGTAATCC,GATAAGGATGAAGGTAATCC,12,7,57748551,57748532,GG,57748530,57748529,57748548,57748544,AAGGA,-,ATTGCTCACTCCGGATTACCTTCATCCTTATGTAGATAAGAG,True,True,False,CDK4
gRNA_269,ACATAAGGATGAAGGTAATC,GCATAAGGATGAAGGTAATC,12,7,57748552,57748533,CG,57748531,57748530,57748549,57748545,TAAGG,-,TTGCTCACTCCGGATTACCTTCATCCTTATGTAGATAAGAGT,True,True,False,CDK4
gRNA_270,CTTATCTACATAAGGATGAA,GTTATCTACATAAGGATGAA,12,7,57748559,57748540,GG,57748538,57748537,57748556,57748552,ATCTA,-,CTCCGGATTACCTTCATCCTTATGTAGATAAGAGTGCTGCAG,True,True,True,CDK4
gRNA_271,TCTTATCTACATAAGGATGA,GCTTATCTACATAAGGATGA,12,7,57748560,57748541,AG,57748539,57748538,57748557,57748553,TATCT,-,TCCGGATTACCTTCATCCTTATGTAGATAAGAGTGCTGCAGA,True,True,True,CDK4
gRNA_272,CACTCTTATCTACATAAGGA,GACTCTTATCTACATAAGGA,12,7,57748563,57748544,TG,57748542,57748541,57748560,57748556,TCTTA,-,GGATTACCTTCATCCTTATGTAGATAAGAGTGCTGCAGAGCT,True,True,True,CDK4
gRNA_273,CAGCACTCTTATCTACATAA,GAGCACTCTTATCTACATAA,12,7,57748566,57748547,GG,57748545,57748544,57748563,57748559,CACTC,-,TTACCTTCATCCTTATGTAGATAAGAGTGCTGCAGAGCTCGA,True,True,True,CDK4
gRNA_274,GCAGCACTCTTATCTACATA,GCAGCACTCTTATCTACATA,12,7,57748567,57748548,AG,57748546,57748545,57748564,57748560,GCACT,-,TACCTTCATCCTTATGTAGATAAGAGTGCTGCAGAGCTCGAA,True,True,True,CDK4
gRNA_275,CTCTGCCTTTCGAGCTCTGC,GTCTGCCTTTCGAGCTCTGC,12,7,57748585,57748566,AG,57748564,57748563,57748582,57748578,TGCCT,-,GATAAGAGTGCTGCAGAGCTCGAAAGGCAGAGATTCGCTTGT,True,False,True,CDK4
gRNA_276,AATCTCTGCCTTTCGAGCTC,GATCTCTGCCTTTCGAGCTC,12,7,57748588,57748569,TG,57748567,57748566,57748585,57748581,CTCTG,-,AAGAGTGCTGCAGAGCTCGAAAGGCAGAGATTCGCTTGTGTG,True,False,True,CDK4
gRNA_277,AAGCGAATCTCTGCCTTTCG,GAGCGAATCTCTGCCTTTCG,12,7,57748593,57748574,AG,57748572,57748571,57748590,57748586,CGAAT,-,TGCTGCAGAGCTCGAAAGGCAGAGATTCGCTTGTGTGGGTTA,True,True,True,CDK4
gRNA_278,ACAAGCGAATCTCTGCCTTT,GCAAGCGAATCTCTGCCTTT,12,7,57748595,57748576,CG,57748574,57748573,57748592,57748588,AGCGA,-,CTGCAGAGCTCGAAAGGCAGAGATTCGCTTGTGTGGGTTAAA,True,True,True,CDK4
gRNA_279,AACCCACACAAGCGAATCTC,GACCCACACAAGCGAATCTC,12,7,57748602,57748583,TG,57748581,57748580,57748599,57748595,CCACA,-,GCTCGAAAGGCAGAGATTCGCTTGTGTGGGTTAAAAGTCAGC,True,True,True,CDK4
gRNA_280,TGACTTTTAACCCACACAAG,GGACTTTTAACCCACACAAG,12,7,57748610,57748591,CG,57748589,57748588,57748607,57748603,CTTTT,-,GGCAGAGATTCGCTTGTGTGGGTTAAAAGTCAGCATTTCCTG,True,False,True,CDK4
gRNA_281,GCTGACTTTTAACCCACACA,GCTGACTTTTAACCCACACA,12,7,57748612,57748593,AG,57748591,57748590,57748609,57748605,GACTT,-,CAGAGATTCGCTTGTGTGGGTTAAAAGTCAGCATTTCCTGAG,True,True,True,CDK4
gRNA_282,CTGCTGGTACTGGAGATGGC,GTGCTGGTACTGGAGATGGC,12,6,57749187,57749168,TG,57749166,57749165,57749184,57749180,CTGGT,-,CCTGTGCCCACAGCCATCTCCAGTACCAGCAGCAGCTGTGCT,True,False,True,CDK4
gRNA_283,CTGCTGCTGGTACTGGAGAT,GTGCTGCTGGTACTGGAGAT,12,6,57749190,57749171,GG,57749169,57749168,57749187,57749183,CTGCT,-,GTGCCCACAGCCATCTCCAGTACCAGCAGCAGCTGTGCTCCC,True,False,True,CDK4
gRNA_284,GCTGCTGCTGGTACTGGAGA,GCTGCTGCTGGTACTGGAGA,12,6,57749191,57749172,TG,57749170,57749169,57749188,57749184,GCTGC,-,TGCCCACAGCCATCTCCAGTACCAGCAGCAGCTGTGCTCCCG,True,False,True,CDK4
gRNA_285,ACAGCTGCTGCTGGTACTGG,GCAGCTGCTGCTGGTACTGG,12,6,57749194,57749175,AG,57749173,57749172,57749191,57749187,GCTGC,-,CCACAGCCATCTCCAGTACCAGCAGCAGCTGTGCTCCCGACT,True,False,True,CDK4
gRNA_286,GCACAGCTGCTGCTGGTACT,GCACAGCTGCTGCTGGTACT,12,6,57749196,57749177,GG,57749175,57749174,57749193,57749189,CAGCT,-,ACAGCCATCTCCAGTACCAGCAGCAGCTGTGCTCCCGACTCC,True,True,True,CDK4
gRNA_287,AGCACAGCTGCTGCTGGTAC,GGCACAGCTGCTGCTGGTAC,12,6,57749197,57749178,TG,57749176,57749175,57749194,57749190,ACAGC,-,CAGCCATCTCCAGTACCAGCAGCAGCTGTGCTCCCGACTCCT,True,True,True,CDK4
gRNA_288,TCGGGAGCACAGCTGCTGCT,GCGGGAGCACAGCTGCTGCT,12,6,57749202,57749183,GG,57749181,57749180,57749199,57749195,GGAGC,-,ATCTCCAGTACCAGCAGCAGCTGTGCTCCCGACTCCTCCATC,True,True,True,CDK4
gRNA_289,GTCGGGAGCACAGCTGCTGC,GTCGGGAGCACAGCTGCTGC,12,6,57749203,57749184,TG,57749182,57749181,57749200,57749196,GGGAG,-,TCTCCAGTACCAGCAGCAGCTGTGCTCCCGACTCCTCCATCT,True,True,False,CDK4
gRNA_290,GGAGTCGGGAGCACAGCTGC,GGAGTCGGGAGCACAGCTGC,12,6,57749206,57749187,TG,57749185,57749184,57749203,57749199,GTCGG,-,CCAGTACCAGCAGCAGCTGTGCTCCCGACTCCTCCATCTCAG,True,False,True,CDK4
gRNA_291,GGAGGAGTCGGGAGCACAGC,GGAGGAGTCGGGAGCACAGC,12,6,57749209,57749190,TG,57749188,57749187,57749206,57749202,GGAGT,-,GTACCAGCAGCAGCTGTGCTCCCGACTCCTCCATCTCAGGTA,True,True,False,CDK4
gRNA_292,GATGGAGGAGTCGGGAGCAC,GATGGAGGAGTCGGGAGCAC,12,6,57749212,57749193,AG,57749191,57749190,57749209,57749205,GGAGG,-,CCAGCAGCAGCTGTGCTCCCGACTCCTCCATCTCAGGTACCA,True,True,False,CDK4
gRNA_293,CCTGAGATGGAGGAGTCGGG,GCTGAGATGGAGGAGTCGGG,12,6,57749217,57749198,AG,57749196,57749195,57749214,57749210,GAGAT,-,AGCAGCTGTGCTCCCGACTCCTCCATCTCAGGTACCACCGAC,True,True,False,CDK4
gRNA_294,TACCTGAGATGGAGGAGTCG,GACCTGAGATGGAGGAGTCG,12,6,57749219,57749200,GG,57749198,57749197,57749216,57749212,CTGAG,-,CAGCTGTGCTCCCGACTCCTCCATCTCAGGTACCACCGACTG,True,True,True,CDK4
gRNA_295,GTACCTGAGATGGAGGAGTC,GTACCTGAGATGGAGGAGTC,12,6,57749220,57749201,GG,57749199,57749198,57749217,57749213,CCTGA,-,AGCTGTGCTCCCGACTCCTCCATCTCAGGTACCACCGACTGC,True,True,True,CDK4
gRNA_296,GGTACCTGAGATGGAGGAGT,GGTACCTGAGATGGAGGAGT,12,6,57749221,57749202,CG,57749200,57749199,57749218,57749214,ACCTG,-,GCTGTGCTCCCGACTCCTCCATCTCAGGTACCACCGACTGCA,True,True,True,CDK4
gRNA_297,GGTGGTACCTGAGATGGAGG,GGTGGTACCTGAGATGGAGG,12,6,57749224,57749205,AG,57749203,57749202,57749221,57749217,GGTAC,-,GTGCTCCCGACTCCTCCATCTCAGGTACCACCGACTGCACTG,True,True,True,CDK4
gRNA_298,TCGGTGGTACCTGAGATGGA,GCGGTGGTACCTGAGATGGA,12,6,57749226,57749207,GG,57749205,57749204,57749223,57749219,GTGGT,-,GCTCCCGACTCCTCCATCTCAGGTACCACCGACTGCACTGGG,True,False,False,CDK4
gRNA_299,GTCGGTGGTACCTGAGATGG,GTCGGTGGTACCTGAGATGG,12,6,57749227,57749208,AG,57749206,57749205,57749224,57749220,GGTGG,-,CTCCCGACTCCTCCATCTCAGGTACCACCGACTGCACTGGGC,True,False,False,CDK4
gRNA_300,CAGTCGGTGGTACCTGAGAT,GAGTCGGTGGTACCTGAGAT,12,6,57749229,57749210,GG,57749208,57749207,57749226,57749222,TCGGT,-,CCCGACTCCTCCATCTCAGGTACCACCGACTGCACTGGGCGG,True,False,True,CDK4
gRNA_301,GCAGTCGGTGGTACCTGAGA,GCAGTCGGTGGTACCTGAGA,12,6,57749230,57749211,TG,57749209,57749208,57749227,57749223,GTCGG,-,CCGACTCCTCCATCTCAGGTACCACCGACTGCACTGGGCGGG,True,False,True,CDK4
gRNA_302,AGTGCAGTCGGTGGTACCTG,GGTGCAGTCGGTGGTACCTG,12,6,57749233,57749214,AG,57749212,57749211,57749230,57749226,GCAGT,-,ACTCCTCCATCTCAGGTACCACCGACTGCACTGGGCGGGGCC,True,True,True,CDK4
gRNA_303,CCAGTGCAGTCGGTGGTACC,GCAGTGCAGTCGGTGGTACC,12,6,57749235,57749216,TG,57749214,57749213,57749232,57749228,GTGCA,-,TCCTCCATCTCAGGTACCACCGACTGCACTGGGCGGGGCCCT,True,True,True,CDK4
gRNA_304,CCCCGCCCAGTGCAGTCGGT,GCCCGCCCAGTGCAGTCGGT,12,6,57749241,57749222,GG,57749220,57749219,57749238,57749234,CGCCC,-,ATCTCAGGTACCACCGACTGCACTGGGCGGGGCCCTCTGGGG,True,False,True,CDK4
gRNA_305,GCCCCGCCCAGTGCAGTCGG,GCCCCGCCCAGTGCAGTCGG,12,6,57749242,57749223,TG,57749221,57749220,57749239,57749235,CCGCC,-,TCTCAGGTACCACCGACTGCACTGGGCGGGGCCCTCTGGGGG,True,False,True,CDK4
gRNA_306,GGGCCCCGCCCAGTGCAGTC,GGGCCCCGCCCAGTGCAGTC,12,6,57749244,57749225,GG,57749223,57749222,57749241,57749237,CCCCG,-,TCAGGTACCACCGACTGCACTGGGCGGGGCCCTCTGGGGGGA,True,False,True,CDK4
gRNA_307,AGGGCCCCGCCCAGTGCAGT,GGGGCCCCGCCCAGTGCAGT,12,6,57749245,57749226,CG,57749224,57749223,57749242,57749238,GCCCC,-,CAGGTACCACCGACTGCACTGGGCGGGGCCCTCTGGGGGGAA,True,False,True,CDK4
gRNA_308,CAGAGGGCCCCGCCCAGTGC,GAGAGGGCCCCGCCCAGTGC,12,6,57749248,57749229,AG,57749227,57749226,57749245,57749241,AGGGC,-,GTACCACCGACTGCACTGGGCGGGGCCCTCTGGGGGGAAAGG,True,True,True,CDK4
gRNA_309,CCCCAGAGGGCCCCGCCCAG,GCCCAGAGGGCCCCGCCCAG,12,6,57749251,57749232,TG,57749230,57749229,57749248,57749244,CAGAG,-,CCACCGACTGCACTGGGCGGGGCCCTCTGGGGGGAAAGGCTC,True,True,True,CDK4
gRNA_310,CCCCCCAGAGGGCCCCGCCC,GCCCCCAGAGGGCCCCGCCC,12,6,57749253,57749234,AG,57749232,57749231,57749250,57749246,CCCAG,-,ACCGACTGCACTGGGCGGGGCCCTCTGGGGGGAAAGGCTCCA,True,True,True,CDK4
gRNA_311,CCTTTCCCCCCAGAGGGCCC,GCTTTCCCCCCAGAGGGCCC,12,6,57749258,57749239,CG,57749237,57749236,57749255,57749251,TTCCC,-,CTGCACTGGGCGGGGCCCTCTGGGGGGAAAGGCTCCACGGGG,True,False,True,CDK4
gRNA_312,TGGAGCCTTTCCCCCCAGAG,GGGAGCCTTTCCCCCCAGAG,12,6,57749263,57749244,GG,57749242,57749241,57749260,57749256,AGCCT,-,CTGGGCGGGGCCCTCTGGGGGGAAAGGCTCCACGGGGCAGGG,True,True,True,CDK4
gRNA_313,GTGGAGCCTTTCCCCCCAGA,GTGGAGCCTTTCCCCCCAGA,12,6,57749264,57749245,GG,57749243,57749242,57749261,57749257,GAGCC,-,TGGGCGGGGCCCTCTGGGGGGAAAGGCTCCACGGGGCAGGGA,True,True,True,CDK4
gRNA_314,CGTGGAGCCTTTCCCCCCAG,GGTGGAGCCTTTCCCCCCAG,12,6,57749265,57749246,AG,57749244,57749243,57749262,57749258,GGAGC,-,GGGCGGGGCCCTCTGGGGGGAAAGGCTCCACGGGGCAGGGAT,True,True,True,CDK4
gRNA_315,CCCGTGGAGCCTTTCCCCCC,GCCGTGGAGCCTTTCCCCCC,12,6,57749267,57749248,AG,57749246,57749245,57749264,57749260,GTGGA,-,GCGGGGCCCTCTGGGGGGAAAGGCTCCACGGGGCAGGGATAC,True,True,False,CDK4
gRNA_316,GATGTATCCCTGCCCCGTGG,GATGTATCCCTGCCCCGTGG,12,6,57749280,57749261,AG,57749259,57749258,57749277,57749273,GTATC,-,GGGGGAAAGGCTCCACGGGGCAGGGATACATCTCGAGGCCAG,True,True,True,CDK4
gRNA_317,GAGATGTATCCCTGCCCCGT,GAGATGTATCCCTGCCCCGT,12,6,57749282,57749263,GG,57749261,57749260,57749279,57749275,ATGTA,-,GGGAAAGGCTCCACGGGGCAGGGATACATCTCGAGGCCAGTC,True,True,False,CDK4
gRNA_318,CGAGATGTATCCCTGCCCCG,GGAGATGTATCCCTGCCCCG,12,6,57749283,57749264,TG,57749262,57749261,57749280,57749276,GATGT,-,GGAAAGGCTCCACGGGGCAGGGATACATCTCGAGGCCAGTCA,True,True,False,CDK4
gRNA_319,CTCGAGATGTATCCCTGCCC,GTCGAGATGTATCCCTGCCC,12,6,57749285,57749266,CG,57749264,57749263,57749282,57749278,GAGAT,-,AAAGGCTCCACGGGGCAGGGATACATCTCGAGGCCAGTCATC,True,True,False,CDK4
gRNA_320,CTGGCCTCGAGATGTATCCC,GTGGCCTCGAGATGTATCCC,12,6,57749290,57749271,TG,57749269,57749268,57749287,57749283,GCCTC,-,CTCCACGGGGCAGGGATACATCTCGAGGCCAGTCATCCTCTG,True,False,True,CDK4
gRNA_321,GAGGATGACTGGCCTCGAGA,GAGGATGACTGGCCTCGAGA,12,6,57749298,57749279,TG,57749277,57749276,57749295,57749291,GATGA,-,GGCAGGGATACATCTCGAGGCCAGTCATCCTCTGGAGGCAGC,True,True,False,CDK4
gRNA_322,CCAGAGGATGACTGGCCTCG,GCAGAGGATGACTGGCCTCG,12,6,57749301,57749282,AG,57749280,57749279,57749298,57749294,GAGGA,-,AGGGATACATCTCGAGGCCAGTCATCCTCTGGAGGCAGCCCA,True,True,False,CDK4
gRNA_323,CTCCAGAGGATGACTGGCCT,GTCCAGAGGATGACTGGCCT,12,6,57749303,57749284,CG,57749282,57749281,57749300,57749296,CAGAG,-,GGATACATCTCGAGGCCAGTCATCCTCTGGAGGCAGCCCAAT,True,True,True,CDK4
gRNA_324,GCTGCCTCCAGAGGATGACT,GCTGCCTCCAGAGGATGACT,12,6,57749308,57749289,GG,57749287,57749286,57749305,57749301,GCCTC,-,CATCTCGAGGCCAGTCATCCTCTGGAGGCAGCCCAATCAGGC,True,False,True,CDK4
gRNA_325,GGCTGCCTCCAGAGGATGAC,GGCTGCCTCCAGAGGATGAC,12,6,57749309,57749290,TG,57749288,57749287,57749306,57749302,TGCCT,-,ATCTCGAGGCCAGTCATCCTCTGGAGGCAGCCCAATCAGGCT,True,False,True,CDK4
gRNA_326,ATTGGGCTGCCTCCAGAGGA,GTTGGGCTGCCTCCAGAGGA,12,6,57749313,57749294,TG,57749292,57749291,57749310,57749306,GGGCT,-,CGAGGCCAGTCATCCTCTGGAGGCAGCCCAATCAGGCTGTGG,True,False,True,CDK4
gRNA_327,CTGATTGGGCTGCCTCCAGA,GTGATTGGGCTGCCTCCAGA,12,6,57749316,57749297,GG,57749295,57749294,57749313,57749309,ATTGG,-,GGCCAGTCATCCTCTGGAGGCAGCCCAATCAGGCTGTGGGGG,True,True,False,CDK4
gRNA_328,CCTGATTGGGCTGCCTCCAG,GCTGATTGGGCTGCCTCCAG,12,6,57749317,57749298,AG,57749296,57749295,57749314,57749310,GATTG,-,GCCAGTCATCCTCTGGAGGCAGCCCAATCAGGCTGTGGGGGA,True,True,False,CDK4
gRNA_329,AGCCTGATTGGGCTGCCTCC,GGCCTGATTGGGCTGCCTCC,12,6,57749319,57749300,AG,57749298,57749297,57749316,57749312,CTGAT,-,CAGTCATCCTCTGGAGGCAGCCCAATCAGGCTGTGGGGGACA,True,True,True,CDK4
gRNA_330,TTTGAGTAAGTGACCAACAT,GTTGAGTAAGTGACCAACAT,12,5,57749458,57749439,GG,57749437,57749436,57749455,57749451,GAGTA,-,TCTTTTTCTCCCATGTTGGTCACTTACTCAAAGATTTTGCCC,True,True,False,CDK4
gRNA_331,CTTTGAGTAAGTGACCAACA,GTTTGAGTAAGTGACCAACA,12,5,57749459,57749440,TG,57749438,57749437,57749456,57749452,TGAGT,-,CTTTTTCTCCCATGTTGGTCACTTACTCAAAGATTTTGCCCA,True,True,False,CDK4
gRNA_332,GGGCAAAATCTTTGAGTAAG,GGGCAAAATCTTTGAGTAAG,12,5,57749468,57749449,TG,57749447,57749446,57749465,57749461,CAAAA,-,CCATGTTGGTCACTTACTCAAAGATTTTGCCCAACTGGTCGG,True,True,True,CDK4
gRNA_333,TTGGGCAAAATCTTTGAGTA,GTGGGCAAAATCTTTGAGTA,12,5,57749470,57749451,AG,57749449,57749448,57749467,57749463,GGCAA,-,ATGTTGGTCACTTACTCAAAGATTTTGCCCAACTGGTCGGCT,True,True,True,CDK4
gRNA_334,CCAGTTGGGCAAAATCTTTG,GCAGTTGGGCAAAATCTTTG,12,5,57749474,57749455,AG,57749453,57749452,57749471,57749467,GTTGG,-,TGGTCACTTACTCAAAGATTTTGCCCAACTGGTCGGCTTCAG,True,False,False,CDK4
gRNA_335,GACCAGTTGGGCAAAATCTT,GACCAGTTGGGCAAAATCTT,12,5,57749476,57749457,TG,57749455,57749454,57749473,57749469,CAGTT,-,GTCACTTACTCAAAGATTTTGCCCAACTGGTCGGCTTCAGAG,True,True,True,CDK4
gRNA_336,ACTCTGAAGCCGACCAGTTG,GCTCTGAAGCCGACCAGTTG,12,5,57749487,57749468,GG,57749466,57749465,57749484,57749480,CTGAA,-,AAAGATTTTGCCCAACTGGTCGGCTTCAGAGTTTCCACAGAA,True,True,True,CDK4
gRNA_337,AACTCTGAAGCCGACCAGTT,GACTCTGAAGCCGACCAGTT,12,5,57749488,57749469,GG,57749467,57749466,57749485,57749481,TCTGA,-,AAGATTTTGCCCAACTGGTCGGCTTCAGAGTTTCCACAGAAG,True,True,True,CDK4
gRNA_338,AAACTCTGAAGCCGACCAGT,GAACTCTGAAGCCGACCAGT,12,5,57749489,57749470,TG,57749468,57749467,57749486,57749482,CTCTG,-,AGATTTTGCCCAACTGGTCGGCTTCAGAGTTTCCACAGAAGA,True,False,True,CDK4
gRNA_339,TGGAAACTCTGAAGCCGACC,GGGAAACTCTGAAGCCGACC,12,5,57749492,57749473,AG,57749471,57749470,57749489,57749485,AAACT,-,TTTTGCCCAACTGGTCGGCTTCAGAGTTTCCACAGAAGAGAG,True,True,True,CDK4
gRNA_340,TTCTGTGGAAACTCTGAAGC,GTCTGTGGAAACTCTGAAGC,12,5,57749497,57749478,CG,57749476,57749475,57749494,57749490,TGTGG,-,CCCAACTGGTCGGCTTCAGAGTTTCCACAGAAGAGAGGCCTA,True,False,False,CDK4
gRNA_341,CTCTTCTGTGGAAACTCTGA,GTCTTCTGTGGAAACTCTGA,12,5,57749500,57749481,AG,57749479,57749478,57749497,57749493,TTCTG,-,AACTGGTCGGCTTCAGAGTTTCCACAGAAGAGAGGCCTAAGG,True,False,True,CDK4
gRNA_342,CCTCTCTTCTGTGGAAACTC,GCTCTCTTCTGTGGAAACTC,12,5,57749503,57749484,TG,57749482,57749481,57749500,57749496,CTCTT,-,TGGTCGGCTTCAGAGTTTCCACAGAAGAGAGGCCTAAGGTGA,True,False,True,CDK4
gRNA_343,ACCTTAGGCCTCTCTTCTGT,GCCTTAGGCCTCTCTTCTGT,12,5,57749511,57749492,GG,57749490,57749489,57749508,57749504,TTAGG,-,TTCAGAGTTTCCACAGAAGAGAGGCCTAAGGTGAGAAGGGAT,True,True,False,CDK4
gRNA_344,GATGTTTCGTCGAAAGTATG,GATGTTTCGTCGAAAGTATG,12,4,57750670,57750651,GG,57750649,57750648,57750667,57750663,GTTTC,-,GTATGTGGGTCCCATACTTTCGACGAAACATCTCTGCAAAGA,True,False,True,CDK4
gRNA_345,AGATGTTTCGTCGAAAGTAT,GGATGTTTCGTCGAAAGTAT,12,4,57750671,57750652,GG,57750650,57750649,57750668,57750664,TGTTT,-,TATGTGGGTCCCATACTTTCGACGAAACATCTCTGCAAAGAT,True,False,False,CDK4
gRNA_346,GAGATGTTTCGTCGAAAGTA,GAGATGTTTCGTCGAAAGTA,12,4,57750672,57750653,TG,57750651,57750650,57750669,57750665,ATGTT,-,ATGTGGGTCCCATACTTTCGACGAAACATCTCTGCAAAGATA,True,True,False,CDK4
gRNA_347,TGCAGAGATGTTTCGTCGAA,GGCAGAGATGTTTCGTCGAA,12,4,57750676,57750657,AG,57750655,57750654,57750673,57750669,AGAGA,-,GGGTCCCATACTTTCGACGAAACATCTCTGCAAAGATACAGC,True,True,False,CDK4
gRNA_348,TCTTTGCAGAGATGTTTCGT,GCTTTGCAGAGATGTTTCGT,12,4,57750680,57750661,CG,57750659,57750658,57750677,57750673,TTGCA,-,CCCATACTTTCGACGAAACATCTCTGCAAAGATACAGCCAAC,True,True,True,CDK4
gRNA_349,GTATCTTTGCAGAGATGTTT,GTATCTTTGCAGAGATGTTT,12,4,57750683,57750664,CG,57750662,57750661,57750680,57750676,TCTTT,-,ATACTTTCGACGAAACATCTCTGCAAAGATACAGCCAACACT,True,False,True,CDK4
gRNA_350,TGGCTGTATCTTTGCAGAGA,GGGCTGTATCTTTGCAGAGA,12,4,57750688,57750669,TG,57750667,57750666,57750685,57750681,CTGTA,-,TTCGACGAAACATCTCTGCAAAGATACAGCCAACACTCCACA,True,True,True,CDK4
gRNA_351,TGTTGGCTGTATCTTTGCAG,GGTTGGCTGTATCTTTGCAG,12,4,57750691,57750672,AG,57750670,57750669,57750688,57750684,TGGCT,-,GACGAAACATCTCTGCAAAGATACAGCCAACACTCCACATGT,True,False,True,CDK4
gRNA_352,AGTGTTGGCTGTATCTTTGC,GGTGTTGGCTGTATCTTTGC,12,4,57750693,57750674,AG,57750672,57750671,57750690,57750686,GTTGG,-,CGAAACATCTCTGCAAAGATACAGCCAACACTCCACATGTCC,True,False,False,CDK4
gRNA_353,TGGAGTGTTGGCTGTATCTT,GGGAGTGTTGGCTGTATCTT,12,4,57750696,57750677,TG,57750675,57750674,57750693,57750689,AGTGT,-,AACATCTCTGCAAAGATACAGCCAACACTCCACATGTCCACA,True,True,False,CDK4
gRNA_354,TGGACATGTGGAGTGTTGGC,GGGACATGTGGAGTGTTGGC,12,4,57750704,57750685,TG,57750683,57750682,57750701,57750697,ACATG,-,TGCAAAGATACAGCCAACACTCCACATGTCCACAGGTGTTGC,True,True,True,CDK4
gRNA_355,CTGTGGACATGTGGAGTGTT,GTGTGGACATGTGGAGTGTT,12,4,57750707,57750688,GG,57750686,57750685,57750704,57750700,TGGAC,-,AAAGATACAGCCAACACTCCACATGTCCACAGGTGTTGCATA,True,True,True,CDK4
gRNA_356,CCTGTGGACATGTGGAGTGT,GCTGTGGACATGTGGAGTGT,12,4,57750708,57750689,TG,57750687,57750686,57750705,57750701,GTGGA,-,AAGATACAGCCAACACTCCACATGTCCACAGGTGTTGCATAT,True,True,False,CDK4
gRNA_357,ACACCTGTGGACATGTGGAG,GCACCTGTGGACATGTGGAG,12,4,57750711,57750692,TG,57750690,57750689,57750708,57750704,CCTGT,-,ATACAGCCAACACTCCACATGTCCACAGGTGTTGCATATGTG,True,False,True,CDK4
gRNA_358,CAACACCTGTGGACATGTGG,GAACACCTGTGGACATGTGG,12,4,57750713,57750694,AG,57750692,57750691,57750710,57750706,CACCT,-,ACAGCCAACACTCCACATGTCCACAGGTGTTGCATATGTGGA,True,True,True,CDK4
gRNA_359,TGCAACACCTGTGGACATGT,GGCAACACCTGTGGACATGT,12,4,57750715,57750696,GG,57750694,57750693,57750712,57750708,AACAC,-,AGCCAACACTCCACATGTCCACAGGTGTTGCATATGTGGACT,True,True,True,CDK4
gRNA_360,ATGCAACACCTGTGGACATG,GTGCAACACCTGTGGACATG,12,4,57750716,57750697,TG,57750695,57750694,57750713,57750709,CAACA,-,GCCAACACTCCACATGTCCACAGGTGTTGCATATGTGGACTG,True,True,True,CDK4
gRNA_361,ATATGCAACACCTGTGGACA,GTATGCAACACCTGTGGACA,12,4,57750718,57750699,TG,57750697,57750696,57750715,57750711,TGCAA,-,CAACACTCCACATGTCCACAGGTGTTGCATATGTGGACTGCA,True,True,True,CDK4
gRNA_362,TCCACATATGCAACACCTGT,GCCACATATGCAACACCTGT,12,4,57750723,57750704,GG,57750702,57750701,57750720,57750716,ACATA,-,CTCCACATGTCCACAGGTGTTGCATATGTGGACTGCAGAAGA,True,True,True,CDK4
gRNA_363,GTCCACATATGCAACACCTG,GTCCACATATGCAACACCTG,12,4,57750724,57750705,TG,57750703,57750702,57750721,57750717,CACAT,-,TCCACATGTCCACAGGTGTTGCATATGTGGACTGCAGAAGAA,True,True,True,CDK4
gRNA_364,CAGTCCACATATGCAACACC,GAGTCCACATATGCAACACC,12,4,57750726,57750707,TG,57750705,57750704,57750723,57750719,TCCAC,-,CACATGTCCACAGGTGTTGCATATGTGGACTGCAGAAGAACT,True,True,True,CDK4
gRNA_365,GTTCTTCTGCAGTCCACATA,GTTCTTCTGCAGTCCACATA,12,4,57750735,57750716,TG,57750714,57750713,57750732,57750728,CTTCT,-,ACAGGTGTTGCATATGTGGACTGCAGAAGAACTTCGGGAGCT,True,False,True,CDK4
gRNA_366,AGCTCCCGAAGTTCTTCTGC,GGCTCCCGAAGTTCTTCTGC,12,4,57750745,57750726,AG,57750724,57750723,57750742,57750738,TCCCG,-,CATATGTGGACTGCAGAAGAACTTCGGGAGCTCGGTACCAGA,True,False,True,CDK4
gRNA_367,CCGAGCTCCCGAAGTTCTTC,GCGAGCTCCCGAAGTTCTTC,12,4,57750748,57750729,TG,57750727,57750726,57750745,57750741,AGCTC,-,ATGTGGACTGCAGAAGAACTTCGGGAGCTCGGTACCAGAGTG,True,True,True,CDK4
gRNA_368,CTCTGGTACCGAGCTCCCGA,GTCTGGTACCGAGCTCCCGA,12,4,57750756,57750737,AG,57750735,57750734,57750753,57750749,TGGTA,-,TGCAGAAGAACTTCGGGAGCTCGGTACCAGAGTGTAACAACC,True,True,False,CDK4
gRNA_369,ACACTCTGGTACCGAGCTCC,GCACTCTGGTACCGAGCTCC,12,4,57750759,57750740,CG,57750738,57750737,57750756,57750752,CTCTG,-,AGAAGAACTTCGGGAGCTCGGTACCAGAGTGTAACAACCTAA,True,False,True,CDK4
gRNA_370,GTTGTTACACTCTGGTACCG,GTTGTTACACTCTGGTACCG,12,4,57750765,57750746,AG,57750744,57750743,57750762,57750758,GTTAC,-,ACTTCGGGAGCTCGGTACCAGAGTGTAACAACCTAAAGGGAA,True,True,True,CDK4
gRNA_371,AGGTTGTTACACTCTGGTAC,GGGTTGTTACACTCTGGTAC,12,4,57750767,57750748,CG,57750746,57750745,57750764,57750760,TTGTT,-,TTCGGGAGCTCGGTACCAGAGTGTAACAACCTAAAGGGAATA,True,False,False,CDK4
gRNA_372,CCTTTAGGTTGTTACACTCT,GCTTTAGGTTGTTACACTCT,12,4,57750772,57750753,GG,57750751,57750750,57750769,57750765,TTAGG,-,GAGCTCGGTACCAGAGTGTAACAACCTAAAGGGAATAGGAAG,True,True,False,CDK4
gRNA_373,CCCGTGGTCAGTAGAAAGAT,GCCGTGGTCAGTAGAAAGAT,12,3,57750928,57750909,GG,57750907,57750906,57750925,57750921,GTGGT,-,CATTTTGGTACCATCTTTCTACTGACCACGGGTGTAAGTGCC,True,False,False,CDK4
gRNA_374,ACCCGTGGTCAGTAGAAAGA,GCCCGTGGTCAGTAGAAAGA,12,3,57750929,57750910,TG,57750908,57750907,57750926,57750922,CGTGG,-,ATTTTGGTACCATCTTTCTACTGACCACGGGTGTAAGTGCCA,True,False,True,CDK4
gRNA_375,TACACCCGTGGTCAGTAGAA,GACACCCGTGGTCAGTAGAA,12,3,57750932,57750913,AG,57750911,57750910,57750929,57750925,ACCCG,-,TTGGTACCATCTTTCTACTGACCACGGGTGTAAGTGCCATCT,True,True,True,CDK4
gRNA_376,CACTTACACCCGTGGTCAGT,GACTTACACCCGTGGTCAGT,12,3,57750936,57750917,AG,57750915,57750914,57750933,57750929,TTACA,-,TACCATCTTTCTACTGACCACGGGTGTAAGTGCCATCTGGTA,True,True,True,CDK4
gRNA_377,TGGCACTTACACCCGTGGTC,GGGCACTTACACCCGTGGTC,12,3,57750939,57750920,AG,57750918,57750917,57750936,57750932,CACTT,-,CATCTTTCTACTGACCACGGGTGTAAGTGCCATCTGGTAGCT,True,True,True,CDK4
gRNA_378,CAGATGGCACTTACACCCGT,GAGATGGCACTTACACCCGT,12,3,57750943,57750924,GG,57750922,57750921,57750940,57750936,ATGGC,-,TTTCTACTGACCACGGGTGTAAGTGCCATCTGGTAGCTGTAG,True,True,True,CDK4
gRNA_379,CCAGATGGCACTTACACCCG,GCAGATGGCACTTACACCCG,12,3,57750944,57750925,TG,57750923,57750922,57750941,57750937,GATGG,-,TTCTACTGACCACGGGTGTAAGTGCCATCTGGTAGCTGTAGA,True,True,False,CDK4
gRNA_380,TACCAGATGGCACTTACACC,GACCAGATGGCACTTACACC,12,3,57750946,57750927,CG,57750925,57750924,57750943,57750939,CAGAT,-,CTACTGACCACGGGTGTAAGTGCCATCTGGTAGCTGTAGATT,True,True,True,CDK4
gRNA_381,AGAATCTACAGCTACCAGAT,GGAATCTACAGCTACCAGAT,12,3,57750958,57750939,GG,57750937,57750936,57750955,57750951,ATCTA,-,GGTGTAAGTGCCATCTGGTAGCTGTAGATTCTGGCCAGGCCA,True,True,True,CDK4
gRNA_382,CAGAATCTACAGCTACCAGA,GAGAATCTACAGCTACCAGA,12,3,57750959,57750940,TG,57750938,57750937,57750956,57750952,AATCT,-,GTGTAAGTGCCATCTGGTAGCTGTAGATTCTGGCCAGGCCAA,True,True,True,CDK4
gRNA_383,GGCCAGAATCTACAGCTACC,GGCCAGAATCTACAGCTACC,12,3,57750962,57750943,AG,57750941,57750940,57750959,57750955,CAGAA,-,TAAGTGCCATCTGGTAGCTGTAGATTCTGGCCAGGCCAAAGT,True,True,True,CDK4
gRNA_384,TTGGCCTGGCCAGAATCTAC,GTGGCCTGGCCAGAATCTAC,12,3,57750969,57750950,AG,57750948,57750947,57750966,57750962,GCCTG,-,CATCTGGTAGCTGTAGATTCTGGCCAGGCCAAAGTCAGCCAG,True,False,True,CDK4
gRNA_385,TGGCTGACTTTGGCCTGGCC,GGGCTGACTTTGGCCTGGCC,12,3,57750978,57750959,AG,57750957,57750956,57750975,57750971,CTGAC,-,GCTGTAGATTCTGGCCAGGCCAAAGTCAGCCAGCTTGACTGT,True,True,True,CDK4
gRNA_386,AAGCTGGCTGACTTTGGCCT,GAGCTGGCTGACTTTGGCCT,12,3,57750982,57750963,GG,57750961,57750960,57750979,57750975,CTGGC,-,TAGATTCTGGCCAGGCCAAAGTCAGCCAGCTTGACTGTTCCA,True,False,True,CDK4
gRNA_387,CAAGCTGGCTGACTTTGGCC,GAAGCTGGCTGACTTTGGCC,12,3,57750983,57750964,TG,57750962,57750961,57750980,57750976,GCTGG,-,AGATTCTGGCCAGGCCAAAGTCAGCCAGCTTGACTGTTCCAC,True,False,True,CDK4
gRNA_388,CAGTCAAGCTGGCTGACTTT,GAGTCAAGCTGGCTGACTTT,12,3,57750987,57750968,GG,57750966,57750965,57750984,57750980,TCAAG,-,TCTGGCCAGGCCAAAGTCAGCCAGCTTGACTGTTCCACCACT,True,True,True,CDK4
gRNA_389,ACAGTCAAGCTGGCTGACTT,GCAGTCAAGCTGGCTGACTT,12,3,57750988,57750969,TG,57750967,57750966,57750985,57750981,GTCAA,-,CTGGCCAGGCCAAAGTCAGCCAGCTTGACTGTTCCACCACTT,True,True,True,CDK4
gRNA_390,GGTGGAACAGTCAAGCTGGC,GGTGGAACAGTCAAGCTGGC,12,3,57750994,57750975,TG,57750973,57750972,57750991,57750987,GGAAC,-,AGGCCAAAGTCAGCCAGCTTGACTGTTCCACCACTTGTCACC,True,True,True,CDK4
gRNA_391,AGTGGTGGAACAGTCAAGCT,GGTGGTGGAACAGTCAAGCT,12,3,57750997,57750978,GG,57750976,57750975,57750994,57750990,GGTGG,-,CCAAAGTCAGCCAGCTTGACTGTTCCACCACTTGTCACCAGA,True,False,False,CDK4
gRNA_392,AAGTGGTGGAACAGTCAAGC,GAGTGGTGGAACAGTCAAGC,12,3,57750998,57750979,TG,57750977,57750976,57750995,57750991,TGGTG,-,CAAAGTCAGCCAGCTTGACTGTTCCACCACTTGTCACCAGAA,True,False,False,CDK4
gRNA_393,GACAAGTGGTGGAACAGTCA,GACAAGTGGTGGAACAGTCA,12,3,57751001,57750982,AG,57750980,57750979,57750998,57750994,AAGTG,-,AGTCAGCCAGCTTGACTGTTCCACCACTTGTCACCAGAATGT,True,True,False,CDK4
gRNA_394,CTGGTGACAAGTGGTGGAAC,GTGGTGACAAGTGGTGGAAC,12,3,57751006,57750987,AG,57750985,57750984,57751003,57750999,GTGAC,-,GCCAGCTTGACTGTTCCACCACTTGTCACCAGAATGTTCTCT,True,True,True,CDK4
gRNA_395,ACATTCTGGTGACAAGTGGT,GCATTCTGGTGACAAGTGGT,12,3,57751011,57750992,GG,57750990,57750989,57751008,57751004,TTCTG,-,CTTGACTGTTCCACCACTTGTCACCAGAATGTTCTCTGGCTT,True,False,True,CDK4
gRNA_396,AACATTCTGGTGACAAGTGG,GACATTCTGGTGACAAGTGG,12,3,57751012,57750993,TG,57750991,57750990,57751009,57751005,ATTCT,-,TTGACTGTTCCACCACTTGTCACCAGAATGTTCTCTGGCTTC,True,True,True,CDK4
gRNA_397,AGAACATTCTGGTGACAAGT,GGAACATTCTGGTGACAAGT,12,3,57751014,57750995,GG,57750993,57750992,57751011,57751007,ACATT,-,GACTGTTCCACCACTTGTCACCAGAATGTTCTCTGGCTTCAG,True,True,True,CDK4
gRNA_398,GAGAACATTCTGGTGACAAG,GAGAACATTCTGGTGACAAG,12,3,57751015,57750996,TG,57750994,57750993,57751012,57751008,AACAT,-,ACTGTTCCACCACTTGTCACCAGAATGTTCTCTGGCTTCAGA,True,True,True,CDK4
gRNA_399,CAGAGAACATTCTGGTGACA,GAGAGAACATTCTGGTGACA,12,3,57751017,57750998,AG,57750996,57750995,57751014,57751010,AGAAC,-,TGTTCCACCACTTGTCACCAGAATGTTCTCTGGCTTCAGATC,True,True,True,CDK4
gRNA_400,GAAGCCAGAGAACATTCTGG,GAAGCCAGAGAACATTCTGG,12,3,57751022,57751003,TG,57751001,57751000,57751019,57751015,GCCAG,-,CACCACTTGTCACCAGAATGTTCTCTGGCTTCAGATCTCGGT,True,True,True,CDK4
gRNA_401,CTGAAGCCAGAGAACATTCT,GTGAAGCCAGAGAACATTCT,12,3,57751024,57751005,GG,57751003,57751002,57751021,57751017,AAGCC,-,CCACTTGTCACCAGAATGTTCTCTGGCTTCAGATCTCGGTGA,True,True,True,CDK4
gRNA_402,TCTGAAGCCAGAGAACATTC,GCTGAAGCCAGAGAACATTC,12,3,57751025,57751006,TG,57751004,57751003,57751022,57751018,GAAGC,-,CACTTGTCACCAGAATGTTCTCTGGCTTCAGATCTCGGTGAA,True,True,True,CDK4
gRNA_403,TCACCGAGATCTGAAGCCAG,GCACCGAGATCTGAAGCCAG,12,3,57751034,57751015,AG,57751013,57751012,57751031,57751027,CCGAG,-,CCAGAATGTTCTCTGGCTTCAGATCTCGGTGAACGATGCAAT,True,True,True,CDK4
gRNA_404,GTTCACCGAGATCTGAAGCC,GTTCACCGAGATCTGAAGCC,12,3,57751036,57751017,AG,57751015,57751014,57751033,57751029,CACCG,-,AGAATGTTCTCTGGCTTCAGATCTCGGTGAACGATGCAATTG,True,True,True,CDK4
gRNA_405,CATCGTTCACCGAGATCTGA,GATCGTTCACCGAGATCTGA,12,3,57751040,57751021,AG,57751019,57751018,57751037,57751033,CGTTC,-,TGTTCTCTGGCTTCAGATCTCGGTGAACGATGCAATTGGCAT,True,False,True,CDK4
gRNA_406,TTGCATCGTTCACCGAGATC,GTGCATCGTTCACCGAGATC,12,3,57751043,57751024,TG,57751022,57751021,57751040,57751036,CATCG,-,TCTCTGGCTTCAGATCTCGGTGAACGATGCAATTGGCATGAA,True,True,True,CDK4
gRNA_407,GCCAATTGCATCGTTCACCG,GCCAATTGCATCGTTCACCG,12,3,57751048,57751029,AG,57751027,57751026,57751045,57751041,AATTG,-,GGCTTCAGATCTCGGTGAACGATGCAATTGGCATGAAGGAAA,True,True,False,CDK4
gRNA_408,ATGCCAATTGCATCGTTCAC,GTGCCAATTGCATCGTTCAC,12,3,57751050,57751031,CG,57751029,57751028,57751047,57751043,CCAAT,-,CTTCAGATCTCGGTGAACGATGCAATTGGCATGAAGGAAATC,True,True,True,CDK4
gRNA_409,TTCCTTCATGCCAATTGCAT,GTCCTTCATGCCAATTGCAT,12,3,57751057,57751038,CG,57751036,57751035,57751054,57751050,CTTCA,-,TCTCGGTGAACGATGCAATTGGCATGAAGGAAATCTAGGCCT,True,True,True,CDK4
gRNA_410,TAGATTTCCTTCATGCCAAT,GAGATTTCCTTCATGCCAAT,12,3,57751062,57751043,TG,57751041,57751040,57751059,57751055,ATTTC,-,GTGAACGATGCAATTGGCATGAAGGAAATCTAGGCCTCTTAG,True,True,True,CDK4
gRNA_411,AGAGGCCTAGATTTCCTTCA,GGAGGCCTAGATTTCCTTCA,12,3,57751069,57751050,TG,57751048,57751047,57751066,57751062,GGCCT,-,ATGCAATTGGCATGAAGGAAATCTAGGCCTCTTAGAAACTGG,True,False,True,CDK4
gRNA_412,CGCCAGTTTCTAAGAGGCCT,GGCCAGTTTCTAAGAGGCCT,12,3,57751081,57751062,AG,57751060,57751059,57751078,57751074,CAGTT,-,TGAAGGAAATCTAGGCCTCTTAGAAACTGGCGCATCAGATCC,True,True,True,CDK4
gRNA_413,TGATGCGCCAGTTTCTAAGA,GGATGCGCCAGTTTCTAAGA,12,3,57751086,57751067,GG,57751065,57751064,57751083,57751079,TGCGC,-,GAAATCTAGGCCTCTTAGAAACTGGCGCATCAGATCCTAGTT,True,False,True,CDK4
gRNA_414,CTGATGCGCCAGTTTCTAAG,GTGATGCGCCAGTTTCTAAG,12,3,57751087,57751068,AG,57751066,57751065,57751084,57751080,ATGCG,-,AAATCTAGGCCTCTTAGAAACTGGCGCATCAGATCCTAGTTT,True,True,True,CDK4
gRNA_415,ATCTGATGCGCCAGTTTCTA,GTCTGATGCGCCAGTTTCTA,12,3,57751089,57751070,AG,57751068,57751067,57751086,57751082,TGATG,-,ATCTAGGCCTCTTAGAAACTGGCGCATCAGATCCTAGTTTCA,True,True,False,CDK4
gRNA_416,AAACTAGGATCTGATGCGCC,GAACTAGGATCTGATGCGCC,12,3,57751097,57751078,AG,57751076,57751075,57751094,57751090,CTAGG,-,CTCTTAGAAACTGGCGCATCAGATCCTAGTTTCAAAGGGGAG,True,True,True,CDK4
gRNA_417,TCAAGGTGAGTGGGGTTGGT,GCAAGGTGAGTGGGGTTGGT,12,2,57751211,57751192,AG,57751190,57751189,57751208,57751204,AGGTG,-,CTCTCAATGCCTACCAACCCCACTCACCTTGATCGTTTCGGC,True,True,False,CDK4
gRNA_418,CGATCAAGGTGAGTGGGGTT,GGATCAAGGTGAGTGGGGTT,12,2,57751214,57751195,GG,57751193,57751192,57751211,57751207,TCAAG,-,TCAATGCCTACCAACCCCACTCACCTTGATCGTTTCGGCTGG,True,True,True,CDK4
gRNA_419,ACGATCAAGGTGAGTGGGGT,GCGATCAAGGTGAGTGGGGT,12,2,57751215,57751196,TG,57751194,57751193,57751212,57751208,ATCAA,-,CAATGCCTACCAACCCCACTCACCTTGATCGTTTCGGCTGGC,True,True,True,CDK4
gRNA_420,GAAACGATCAAGGTGAGTGG,GAAACGATCAAGGTGAGTGG,12,2,57751218,57751199,GG,57751197,57751196,57751215,57751211,ACGAT,-,TGCCTACCAACCCCACTCACCTTGATCGTTTCGGCTGGCAAG,True,True,True,CDK4
gRNA_421,CGAAACGATCAAGGTGAGTG,GGAAACGATCAAGGTGAGTG,12,2,57751219,57751200,GG,57751198,57751197,57751216,57751212,AACGA,-,GCCTACCAACCCCACTCACCTTGATCGTTTCGGCTGGCAAGC,True,True,True,CDK4
gRNA_422,CCGAAACGATCAAGGTGAGT,GCGAAACGATCAAGGTGAGT,12,2,57751220,57751201,GG,57751199,57751198,57751217,57751213,AAACG,-,CCTACCAACCCCACTCACCTTGATCGTTTCGGCTGGCAAGCC,True,True,True,CDK4
gRNA_423,GCCGAAACGATCAAGGTGAG,GCCGAAACGATCAAGGTGAG,12,2,57751221,57751202,TG,57751200,57751199,57751218,57751214,GAAAC,-,CTACCAACCCCACTCACCTTGATCGTTTCGGCTGGCAAGCCT,True,True,True,CDK4
gRNA_424,CAGCCGAAACGATCAAGGTG,GAGCCGAAACGATCAAGGTG,12,2,57751223,57751204,AG,57751202,57751201,57751220,57751216,CCGAA,-,ACCAACCCCACTCACCTTGATCGTTTCGGCTGGCAAGCCTGG,True,True,True,CDK4
gRNA_425,GCCAGCCGAAACGATCAAGG,GCCAGCCGAAACGATCAAGG,12,2,57751225,57751206,TG,57751204,57751203,57751222,57751218,AGCCG,-,CAACCCCACTCACCTTGATCGTTTCGGCTGGCAAGCCTGGTG,True,True,True,CDK4
gRNA_426,TTGCCAGCCGAAACGATCAA,GTGCCAGCCGAAACGATCAA,12,2,57751227,57751208,GG,57751206,57751205,57751224,57751220,CCAGC,-,ACCCCACTCACCTTGATCGTTTCGGCTGGCAAGCCTGGTGGG,True,True,True,CDK4
gRNA_427,CTTGCCAGCCGAAACGATCA,GTTGCCAGCCGAAACGATCA,12,2,57751228,57751209,AG,57751207,57751206,57751225,57751221,GCCAG,-,CCCCACTCACCTTGATCGTTTCGGCTGGCAAGCCTGGTGGGG,True,True,True,CDK4
gRNA_428,ACCAGGCTTGCCAGCCGAAA,GCCAGGCTTGCCAGCCGAAA,12,2,57751234,57751215,CG,57751213,57751212,57751231,57751227,AGGCT,-,TCACCTTGATCGTTTCGGCTGGCAAGCCTGGTGGGGGTGCCT,True,True,True,CDK4
gRNA_429,CCCCCACCAGGCTTGCCAGC,GCCCCACCAGGCTTGCCAGC,12,2,57751239,57751220,CG,57751218,57751217,57751236,57751232,CCACC,-,TTGATCGTTTCGGCTGGCAAGCCTGGTGGGGGTGCCTTGTCC,True,True,True,CDK4
gRNA_430,GCACCCCCACCAGGCTTGCC,GCACCCCCACCAGGCTTGCC,12,2,57751242,57751223,AG,57751221,57751220,57751239,57751235,CCCCC,-,ATCGTTTCGGCTGGCAAGCCTGGTGGGGGTGCCTTGTCCAGA,True,False,True,CDK4
gRNA_431,CAAGGCACCCCCACCAGGCT,GAAGGCACCCCCACCAGGCT,12,2,57751246,57751227,TG,57751225,57751224,57751243,57751239,GGCAC,-,TTTCGGCTGGCAAGCCTGGTGGGGGTGCCTTGTCCAGATATG,True,True,True,CDK4
gRNA_432,TGGACAAGGCACCCCCACCA,GGGACAAGGCACCCCCACCA,12,2,57751250,57751231,GG,57751229,57751228,57751247,57751243,ACAAG,-,GGCTGGCAAGCCTGGTGGGGGTGCCTTGTCCAGATATGTCCT,True,True,True,CDK4
gRNA_433,CTGGACAAGGCACCCCCACC,GTGGACAAGGCACCCCCACC,12,2,57751251,57751232,AG,57751230,57751229,57751248,57751244,GACAA,-,GCTGGCAAGCCTGGTGGGGGTGCCTTGTCCAGATATGTCCTT,True,True,True,CDK4
gRNA_434,CTAAGGACATATCTGGACAA,GTAAGGACATATCTGGACAA,12,2,57751263,57751244,GG,57751242,57751241,57751260,57751256,AGGAC,-,GGTGGGGGTGCCTTGTCCAGATATGTCCTTAGGTCCTGGTCT,True,True,True,CDK4
gRNA_435,CCTAAGGACATATCTGGACA,GCTAAGGACATATCTGGACA,12,2,57751264,57751245,AG,57751243,57751242,57751261,57751257,AAGGA,-,GTGGGGGTGCCTTGTCCAGATATGTCCTTAGGTCCTGGTCTA,True,True,False,CDK4
gRNA_436,CAGGACCTAAGGACATATCT,GAGGACCTAAGGACATATCT,12,2,57751269,57751250,GG,57751248,57751247,57751266,57751262,GACCT,-,GGTGCCTTGTCCAGATATGTCCTTAGGTCCTGGTCTACATGC,True,True,True,CDK4
gRNA_437,CCAGGACCTAAGGACATATC,GCAGGACCTAAGGACATATC,12,2,57751270,57751251,TG,57751249,57751248,57751267,57751263,GGACC,-,GTGCCTTGTCCAGATATGTCCTTAGGTCCTGGTCTACATGCT,True,True,True,CDK4
gRNA_438,GCATGTAGACCAGGACCTAA,GCATGTAGACCAGGACCTAA,12,2,57751279,57751260,GG,57751258,57751257,57751276,57751272,TGTAG,-,CCAGATATGTCCTTAGGTCCTGGTCTACATGCTCAAACACCA,True,True,False,CDK4
gRNA_439,AGCATGTAGACCAGGACCTA,GGCATGTAGACCAGGACCTA,12,2,57751280,57751261,AG,57751259,57751258,57751277,57751273,ATGTA,-,CAGATATGTCCTTAGGTCCTGGTCTACATGCTCAAACACCAG,True,True,False,CDK4
gRNA_440,GTGTTTGAGCATGTAGACCA,GTGTTTGAGCATGTAGACCA,12,2,57751287,57751268,GG,57751266,57751265,57751284,57751280,TTTGA,-,GTCCTTAGGTCCTGGTCTACATGCTCAAACACCAGGGTTACC,True,True,False,CDK4
gRNA_441,GGTGTTTGAGCATGTAGACC,GGTGTTTGAGCATGTAGACC,12,2,57751288,57751269,AG,57751267,57751266,57751285,57751281,GTTTG,-,TCCTTAGGTCCTGGTCTACATGCTCAAACACCAGGGTTACCT,True,False,False,CDK4
gRNA_442,ACCCTGGTGTTTGAGCATGT,GCCCTGGTGTTTGAGCATGT,12,2,57751293,57751274,AG,57751272,57751271,57751290,57751286,CTGGT,-,AGGTCCTGGTCTACATGCTCAAACACCAGGGTTACCTTGATC,True,False,True,CDK4
gRNA_443,GTAACCCTGGTGTTTGAGCA,GTAACCCTGGTGTTTGAGCA,12,2,57751296,57751277,TG,57751275,57751274,57751293,57751289,ACCCT,-,TCCTGGTCTACATGCTCAAACACCAGGGTTACCTTGATCTCC,True,True,True,CDK4
gRNA_444,CAAGGTAACCCTGGTGTTTG,GAAGGTAACCCTGGTGTTTG,12,2,57751300,57751281,AG,57751279,57751278,57751297,57751293,GGTAA,-,GGTCTACATGCTCAAACACCAGGGTTACCTTGATCTCCCGGT,True,True,False,CDK4
gRNA_445,ATCAAGGTAACCCTGGTGTT,GTCAAGGTAACCCTGGTGTT,12,2,57751302,57751283,TG,57751281,57751280,57751299,57751295,AAGGT,-,TCTACATGCTCAAACACCAGGGTTACCTTGATCTCCCGGTCA,True,True,False,CDK4
gRNA_446,GGAGATCAAGGTAACCCTGG,GGAGATCAAGGTAACCCTGG,12,2,57751306,57751287,TG,57751285,57751284,57751303,57751299,GATCA,-,CATGCTCAAACACCAGGGTTACCTTGATCTCCCGGTCAGTTC,True,True,True,CDK4
gRNA_447,CGGGAGATCAAGGTAACCCT,GGGGAGATCAAGGTAACCCT,12,2,57751308,57751289,GG,57751287,57751286,57751305,57751301,GAGAT,-,TGCTCAAACACCAGGGTTACCTTGATCTCCCGGTCAGTTCGG,True,True,False,CDK4
gRNA_448,CCGGGAGATCAAGGTAACCC,GCGGGAGATCAAGGTAACCC,12,2,57751309,57751290,TG,57751288,57751287,57751306,57751302,GGAGA,-,GCTCAAACACCAGGGTTACCTTGATCTCCCGGTCAGTTCGGG,True,True,False,CDK4
gRNA_449,CGAACTGACCGGGAGATCAA,GGAACTGACCGGGAGATCAA,12,2,57751317,57751298,GG,57751296,57751295,57751314,57751310,ACTGA,-,ACCAGGGTTACCTTGATCTCCCGGTCAGTTCGGGATGTGGCA,True,True,True,CDK4
gRNA_450,CCGAACTGACCGGGAGATCA,GCGAACTGACCGGGAGATCA,12,2,57751318,57751299,AG,57751297,57751296,57751315,57751311,AACTG,-,CCAGGGTTACCTTGATCTCCCGGTCAGTTCGGGATGTGGCAC,True,True,True,CDK4
gRNA_451,CACATCCCGAACTGACCGGG,GACATCCCGAACTGACCGGG,12,2,57751324,57751305,AG,57751303,57751302,57751321,57751317,ATCCC,-,TTACCTTGATCTCCCGGTCAGTTCGGGATGTGGCACAGACGT,True,True,True,CDK4
gRNA_452,GCCACATCCCGAACTGACCG,GCCACATCCCGAACTGACCG,12,2,57751326,57751307,GG,57751305,57751304,57751323,57751319,ACATC,-,ACCTTGATCTCCCGGTCAGTTCGGGATGTGGCACAGACGTCC,True,True,True,CDK4
gRNA_453,TGCCACATCCCGAACTGACC,GGCCACATCCCGAACTGACC,12,2,57751327,57751308,GG,57751306,57751305,57751324,57751320,CACAT,-,CCTTGATCTCCCGGTCAGTTCGGGATGTGGCACAGACGTCCA,True,True,True,CDK4
gRNA_454,GTGCCACATCCCGAACTGAC,GTGCCACATCCCGAACTGAC,12,2,57751328,57751309,CG,57751307,57751306,57751325,57751321,CCACA,-,CTTGATCTCCCGGTCAGTTCGGGATGTGGCACAGACGTCCAT,True,True,True,CDK4
gRNA_455,GTCTGTGCCACATCCCGAAC,GTCTGTGCCACATCCCGAAC,12,2,57751332,57751313,TG,57751311,57751310,57751329,57751325,TGTGC,-,ATCTCCCGGTCAGTTCGGGATGTGGCACAGACGTCCATCAGC,True,False,True,CDK4
gRNA_456,TGGACGTCTGTGCCACATCC,GGGACGTCTGTGCCACATCC,12,2,57751337,57751318,CG,57751316,57751315,57751334,57751330,ACGTC,-,CCGGTCAGTTCGGGATGTGGCACAGACGTCCATCAGCCTGAC,True,True,True,CDK4
gRNA_457,GTCAGGCTGATGGACGTCTG,GTCAGGCTGATGGACGTCTG,12,2,57751347,57751328,TG,57751326,57751325,57751344,57751340,AGGCT,-,CGGGATGTGGCACAGACGTCCATCAGCCTGACCAGAGTAAAT,True,True,True,CDK4
gRNA_458,TGGTCAGGCTGATGGACGTC,GGGTCAGGCTGATGGACGTC,12,2,57751349,57751330,TG,57751328,57751327,57751346,57751342,TCAGG,-,GGATGTGGCACAGACGTCCATCAGCCTGACCAGAGTAAATGC,True,True,True,CDK4
gRNA_459,GTCCGGTGAGAAGGTGGTGG,GTCCGGTGAGAAGGTGGTGG,12,1,57751504,57751485,AG,57751483,57751482,57751501,57751497,CGGTG,-,ACGCCCAACCCTCCACCACCTTCTCACCGGACAACATTGGGA,True,False,True,CDK4
gRNA_460,TTGTCCGGTGAGAAGGTGGT,GTGTCCGGTGAGAAGGTGGT,12,1,57751506,57751487,GG,57751485,57751484,57751503,57751499,TCCGG,-,GCCCAACCCTCCACCACCTTCTCACCGGACAACATTGGGATG,True,False,True,CDK4
gRNA_461,GTTGTCCGGTGAGAAGGTGG,GTTGTCCGGTGAGAAGGTGG,12,1,57751507,57751488,TG,57751486,57751485,57751504,57751500,GTCCG,-,CCCAACCCTCCACCACCTTCTCACCGGACAACATTGGGATGC,True,False,True,CDK4
gRNA_462,ATGTTGTCCGGTGAGAAGGT,GTGTTGTCCGGTGAGAAGGT,12,1,57751509,57751490,GG,57751488,57751487,57751506,57751502,TTGTC,-,CAACCCTCCACCACCTTCTCACCGGACAACATTGGGATGCTC,True,False,True,CDK4
gRNA_463,AATGTTGTCCGGTGAGAAGG,GATGTTGTCCGGTGAGAAGG,12,1,57751510,57751491,TG,57751489,57751488,57751507,57751503,GTTGT,-,AACCCTCCACCACCTTCTCACCGGACAACATTGGGATGCTCA,True,False,False,CDK4
gRNA_464,CCAATGTTGTCCGGTGAGAA,GCAATGTTGTCCGGTGAGAA,12,1,57751512,57751493,GG,57751491,57751490,57751509,57751505,ATGTT,-,CCCTCCACCACCTTCTCACCGGACAACATTGGGATGCTCAAA,True,True,False,CDK4
gRNA_465,CCCAATGTTGTCCGGTGAGA,GCCAATGTTGTCCGGTGAGA,12,1,57751513,57751494,AG,57751492,57751491,57751510,57751506,AATGT,-,CCTCCACCACCTTCTCACCGGACAACATTGGGATGCTCAAAA,True,True,False,CDK4
gRNA_466,CATCCCAATGTTGTCCGGTG,GATCCCAATGTTGTCCGGTG,12,1,57751516,57751497,AG,57751495,57751494,57751513,57751509,CCCAA,-,CCACCACCTTCTCACCGGACAACATTGGGATGCTCAAAAGCC,True,True,True,CDK4
gRNA_467,AGCATCCCAATGTTGTCCGG,GGCATCCCAATGTTGTCCGG,12,1,57751518,57751499,TG,57751497,57751496,57751515,57751511,ATCCC,-,ACCACCTTCTCACCGGACAACATTGGGATGCTCAAAAGCCTC,True,True,True,CDK4
gRNA_468,TGAGCATCCCAATGTTGTCC,GGAGCATCCCAATGTTGTCC,12,1,57751520,57751501,GG,57751499,57751498,57751517,57751513,GCATC,-,CACCTTCTCACCGGACAACATTGGGATGCTCAAAAGCCTCCA,True,True,True,CDK4
gRNA_469,TTGAGCATCCCAATGTTGTC,GTGAGCATCCCAATGTTGTC,12,1,57751521,57751502,CG,57751500,57751499,57751518,57751514,AGCAT,-,ACCTTCTCACCGGACAACATTGGGATGCTCAAAAGCCTCCAG,True,True,True,CDK4
gRNA_470,GCTTTTGAGCATCCCAATGT,GCTTTTGAGCATCCCAATGT,12,1,57751525,57751506,TG,57751504,57751503,57751522,57751518,TTTGA,-,TCTCACCGGACAACATTGGGATGCTCAAAAGCCTCCAGTCGC,True,True,False,CDK4
gRNA_471,GAGGCTTTTGAGCATCCCAA,GAGGCTTTTGAGCATCCCAA,12,1,57751528,57751509,TG,57751507,57751506,57751525,57751521,GCTTT,-,CACCGGACAACATTGGGATGCTCAAAAGCCTCCAGTCGCCTC,True,False,True,CDK4
gRNA_472,GAGGCGACTGGAGGCTTTTG,GAGGCGACTGGAGGCTTTTG,12,1,57751538,57751519,AG,57751517,57751516,57751535,57751531,GCGAC,-,CATTGGGATGCTCAAAAGCCTCCAGTCGCCTCAGTAAAGCCA,True,True,True,CDK4
gRNA_473,CTGAGGCGACTGGAGGCTTT,GTGAGGCGACTGGAGGCTTT,12,1,57751540,57751521,TG,57751519,57751518,57751537,57751533,AGGCG,-,TTGGGATGCTCAAAAGCCTCCAGTCGCCTCAGTAAAGCCACC,True,True,True,CDK4
gRNA_474,GCTTTACTGAGGCGACTGGA,GCTTTACTGAGGCGACTGGA,12,1,57751546,57751527,GG,57751525,57751524,57751543,57751539,TTACT,-,TGCTCAAAAGCCTCCAGTCGCCTCAGTAAAGCCACCTCACGA,True,True,True,CDK4
gRNA_475,GGCTTTACTGAGGCGACTGG,GGCTTTACTGAGGCGACTGG,12,1,57751547,57751528,AG,57751526,57751525,57751544,57751540,TTTAC,-,GCTCAAAAGCCTCCAGTCGCCTCAGTAAAGCCACCTCACGAA,True,True,True,CDK4
gRNA_476,GTGGCTTTACTGAGGCGACT,GTGGCTTTACTGAGGCGACT,12,1,57751549,57751530,GG,57751528,57751527,57751546,57751542,GCTTT,-,TCAAAAGCCTCCAGTCGCCTCAGTAAAGCCACCTCACGAACT,True,False,True,CDK4
gRNA_477,GGTGGCTTTACTGAGGCGAC,GGTGGCTTTACTGAGGCGAC,12,1,57751550,57751531,TG,57751529,57751528,57751547,57751543,GGCTT,-,CAAAAGCCTCCAGTCGCCTCAGTAAAGCCACCTCACGAACTG,True,False,True,CDK4
gRNA_478,GTGAGGTGGCTTTACTGAGG,GTGAGGTGGCTTTACTGAGG,12,1,57751554,57751535,CG,57751533,57751532,57751551,57751547,AGGTG,-,AGCCTCCAGTCGCCTCAGTAAAGCCACCTCACGAACTGTGCT,True,True,False,CDK4
gRNA_479,TCGTGAGGTGGCTTTACTGA,GCGTGAGGTGGCTTTACTGA,12,1,57751556,57751537,GG,57751535,57751534,57751553,57751549,TGAGG,-,CCTCCAGTCGCCTCAGTAAAGCCACCTCACGAACTGTGCTGA,True,True,False,CDK4
gRNA_480,TTCGTGAGGTGGCTTTACTG,GTCGTGAGGTGGCTTTACTG,12,1,57751557,57751538,AG,57751536,57751535,57751554,57751550,GTGAG,-,CTCCAGTCGCCTCAGTAAAGCCACCTCACGAACTGTGCTGAT,True,True,False,CDK4
gRNA_481,AGTTCGTGAGGTGGCTTTAC,GGTTCGTGAGGTGGCTTTAC,12,1,57751559,57751540,TG,57751538,57751537,57751556,57751552,TCGTG,-,CCAGTCGCCTCAGTAAAGCCACCTCACGAACTGTGCTGATGG,True,False,True,CDK4
gRNA_482,ATCAGCACAGTTCGTGAGGT,GTCAGCACAGTTCGTGAGGT,12,1,57751567,57751548,GG,57751546,57751545,57751564,57751560,AGCAC,-,CTCAGTAAAGCCACCTCACGAACTGTGCTGATGGGAAGGCCT,True,True,True,CDK4
gRNA_483,CATCAGCACAGTTCGTGAGG,GATCAGCACAGTTCGTGAGG,12,1,57751568,57751549,TG,57751547,57751546,57751565,57751561,CAGCA,-,TCAGTAAAGCCACCTCACGAACTGTGCTGATGGGAAGGCCTC,True,True,True,CDK4
gRNA_484,CCCATCAGCACAGTTCGTGA,GCCATCAGCACAGTTCGTGA,12,1,57751570,57751551,GG,57751549,57751548,57751567,57751563,ATCAG,-,AGTAAAGCCACCTCACGAACTGTGCTGATGGGAAGGCCTCCT,True,True,True,CDK4
gRNA_485,TCCCATCAGCACAGTTCGTG,GCCCATCAGCACAGTTCGTG,12,1,57751571,57751552,AG,57751550,57751549,57751568,57751564,CATCA,-,GTAAAGCCACCTCACGAACTGTGCTGATGGGAAGGCCTCCTC,True,True,True,CDK4
gRNA_486,CTTCCCATCAGCACAGTTCG,GTTCCCATCAGCACAGTTCG,12,1,57751573,57751554,TG,57751552,57751551,57751570,57751566,CCCAT,-,AAAGCCACCTCACGAACTGTGCTGATGGGAAGGCCTCCTCCA,True,True,True,CDK4
gRNA_487,GCCTTCCCATCAGCACAGTT,GCCTTCCCATCAGCACAGTT,12,1,57751575,57751556,CG,57751554,57751553,57751572,57751568,TTCCC,-,AGCCACCTCACGAACTGTGCTGATGGGAAGGCCTCCTCCACC,True,False,True,CDK4
gRNA_488,GGAGGCCTTCCCATCAGCAC,GGAGGCCTTCCCATCAGCAC,12,1,57751579,57751560,AG,57751558,57751557,57751576,57751572,GGCCT,-,ACCTCACGAACTGTGCTGATGGGAAGGCCTCCTCCACCTCCT,True,False,True,CDK4
gRNA_489,GTGGAGGAGGCCTTCCCATC,GTGGAGGAGGCCTTCCCATC,12,1,57751584,57751565,AG,57751563,57751562,57751581,57751577,GAGGA,-,ACGAACTGTGCTGATGGGAAGGCCTCCTCCACCTCCTCCTCC,True,True,False,CDK4
gRNA_490,ATGGAGGAGGAGGTGGAGGA,GTGGAGGAGGAGGTGGAGGA,12,1,57751596,57751577,GG,57751575,57751574,57751593,57751589,GAGGA,-,GATGGGAAGGCCTCCTCCACCTCCTCCTCCATTGGGGACTCT,True,True,False,CDK4
gRNA_491,AATGGAGGAGGAGGTGGAGG,GATGGAGGAGGAGGTGGAGG,12,1,57751597,57751578,AG,57751576,57751575,57751594,57751590,GGAGG,-,ATGGGAAGGCCTCCTCCACCTCCTCCTCCATTGGGGACTCTC,True,True,False,CDK4
gRNA_492,CCAATGGAGGAGGAGGTGGA,GCAATGGAGGAGGAGGTGGA,12,1,57751599,57751580,GG,57751578,57751577,57751596,57751592,ATGGA,-,GGGAAGGCCTCCTCCACCTCCTCCTCCATTGGGGACTCTCAC,True,True,False,CDK4
gRNA_493,CCCAATGGAGGAGGAGGTGG,GCCAATGGAGGAGGAGGTGG,12,1,57751600,57751581,AG,57751579,57751578,57751597,57751593,AATGG,-,GGAAGGCCTCCTCCACCTCCTCCTCCATTGGGGACTCTCACA,True,True,False,CDK4
gRNA_494,TCCCCAATGGAGGAGGAGGT,GCCCCAATGGAGGAGGAGGT,12,1,57751602,57751583,GG,57751581,57751580,57751599,57751595,CCAAT,-,AAGGCCTCCTCCACCTCCTCCTCCATTGGGGACTCTCACACT,True,True,True,CDK4
gRNA_495,GTCCCCAATGGAGGAGGAGG,GTCCCCAATGGAGGAGGAGG,12,1,57751603,57751584,TG,57751582,57751581,57751600,57751596,CCCAA,-,AGGCCTCCTCCACCTCCTCCTCCATTGGGGACTCTCACACTC,True,True,True,CDK4
gRNA_496,GAGTCCCCAATGGAGGAGGA,GAGTCCCCAATGGAGGAGGA,12,1,57751605,57751586,GG,57751584,57751583,57751602,57751598,TCCCC,-,GCCTCCTCCACCTCCTCCTCCATTGGGGACTCTCACACTCTT,True,False,True,CDK4
gRNA_497,AGAGTCCCCAATGGAGGAGG,GGAGTCCCCAATGGAGGAGG,12,1,57751606,57751587,AG,57751585,57751584,57751603,57751599,GTCCC,-,CCTCCTCCACCTCCTCCTCCATTGGGGACTCTCACACTCTTG,True,False,True,CDK4
gRNA_498,TGAGAGTCCCCAATGGAGGA,GGAGAGTCCCCAATGGAGGA,12,1,57751608,57751589,GG,57751587,57751586,57751605,57751601,GAGTC,-,TCCTCCACCTCCTCCTCCATTGGGGACTCTCACACTCTTGAG,True,True,True,CDK4
gRNA_499,GTGAGAGTCCCCAATGGAGG,GTGAGAGTCCCCAATGGAGG,12,1,57751609,57751590,AG,57751588,57751587,57751606,57751602,AGAGT,-,CCTCCACCTCCTCCTCCATTGGGGACTCTCACACTCTTGAGG,True,True,False,CDK4
gRNA_500,GTGTGAGAGTCCCCAATGGA,GTGTGAGAGTCCCCAATGGA,12,1,57751611,57751592,GG,57751590,57751589,57751608,57751604,TGAGA,-,TCCACCTCCTCCTCCATTGGGGACTCTCACACTCTTGAGGGC,True,True,False,CDK4
gRNA_501,AGTGTGAGAGTCCCCAATGG,GGTGTGAGAGTCCCCAATGG,12,1,57751612,57751593,AG,57751591,57751590,57751609,57751605,GTGAG,-,CCACCTCCTCCTCCATTGGGGACTCTCACACTCTTGAGGGCC,True,True,False,CDK4
gRNA_502,AGAGTGTGAGAGTCCCCAAT,GGAGTGTGAGAGTCCCCAAT,12,1,57751614,57751595,GG,57751593,57751592,57751611,57751607,GTGTG,-,ACCTCCTCCTCCATTGGGGACTCTCACACTCTTGAGGGCCAC,True,False,False,CDK4
gRNA_503,AAGAGTGTGAGAGTCCCCAA,GAGAGTGTGAGAGTCCCCAA,12,1,57751615,57751596,TG,57751594,57751593,57751612,57751608,AGTGT,-,CCTCCTCCTCCATTGGGGACTCTCACACTCTTGAGGGCCACA,True,True,False,CDK4
gRNA_504,GTGGCCCTCAAGAGTGTGAG,GTGGCCCTCAAGAGTGTGAG,12,1,57751624,57751605,AG,57751603,57751602,57751621,57751617,GCCCT,-,CCATTGGGGACTCTCACACTCTTGAGGGCCACAAAGTGGCCA,True,False,True,CDK4
gRNA_505,TTGTGGCCCTCAAGAGTGTG,GTGTGGCCCTCAAGAGTGTG,12,1,57751626,57751607,AG,57751605,57751604,57751623,57751619,TGGCC,-,ATTGGGGACTCTCACACTCTTGAGGGCCACAAAGTGGCCACT,True,False,True,CDK4
gRNA_506,CTTTGTGGCCCTCAAGAGTG,GTTTGTGGCCCTCAAGAGTG,12,1,57751628,57751609,TG,57751607,57751606,57751625,57751621,TGTGG,-,TGGGGACTCTCACACTCTTGAGGGCCACAAAGTGGCCACTGT,True,False,False,CDK4
gRNA_507,CACTTTGTGGCCCTCAAGAG,GACTTTGTGGCCCTCAAGAG,12,1,57751630,57751611,TG,57751609,57751608,57751627,57751623,TTTGT,-,GGGACTCTCACACTCTTGAGGGCCACAAAGTGGCCACTGTGG,True,False,False,CDK4
gRNA_508,GCCACTTTGTGGCCCTCAAG,GCCACTTTGTGGCCCTCAAG,12,1,57751632,57751613,AG,57751611,57751610,57751629,57751625,ACTTT,-,GACTCTCACACTCTTGAGGGCCACAAAGTGGCCACTGTGGGG,True,True,True,CDK4
gRNA_509,TGGCCACTTTGTGGCCCTCA,GGGCCACTTTGTGGCCCTCA,12,1,57751634,57751615,AG,57751613,57751612,57751631,57751627,CCACT,-,CTCTCACACTCTTGAGGGCCACAAAGTGGCCACTGTGGGGAT,True,True,True,CDK4
gRNA_510,CCCCACAGTGGCCACTTTGT,GCCCACAGTGGCCACTTTGT,12,1,57751642,57751623,GG,57751621,57751620,57751639,57751635,CACAG,-,CTCTTGAGGGCCACAAAGTGGCCACTGTGGGGATCACGGGCC,True,True,True,CDK4
gRNA_511,TCCCCACAGTGGCCACTTTG,GCCCCACAGTGGCCACTTTG,12,1,57751643,57751624,TG,57751622,57751621,57751640,57751636,CCACA,-,TCTTGAGGGCCACAAAGTGGCCACTGTGGGGATCACGGGCCT,True,True,True,CDK4
gRNA_512,GATCCCCACAGTGGCCACTT,GATCCCCACAGTGGCCACTT,12,1,57751645,57751626,TG,57751624,57751623,57751642,57751638,CCCCA,-,TTGAGGGCCACAAAGTGGCCACTGTGGGGATCACGGGCCTTG,True,True,True,CDK4
gRNA_513,AGGCCCGTGATCCCCACAGT,GGGCCCGTGATCCCCACAGT,12,1,57751653,57751634,GG,57751632,57751631,57751650,57751646,CCCGT,-,CACAAAGTGGCCACTGTGGGGATCACGGGCCTTGTACACTGT,True,False,True,CDK4
gRNA_514,AAGGCCCGTGATCCCCACAG,GAGGCCCGTGATCCCCACAG,12,1,57751654,57751635,TG,57751633,57751632,57751651,57751647,GCCCG,-,ACAAAGTGGCCACTGTGGGGATCACGGGCCTTGTACACTGTC,True,False,True,CDK4
gRNA_515,ACAAGGCCCGTGATCCCCAC,GCAAGGCCCGTGATCCCCAC,12,1,57751656,57751637,AG,57751635,57751634,57751653,57751649,AGGCC,-,AAAGTGGCCACTGTGGGGATCACGGGCCTTGTACACTGTCCC,True,True,True,CDK4
gRNA_516,GGGACAGTGTACAAGGCCCG,GGGACAGTGTACAAGGCCCG,12,1,57751666,57751647,TG,57751645,57751644,57751663,57751659,ACAGT,-,CTGTGGGGATCACGGGCCTTGTACACTGTCCCATAGGCACCG,True,True,True,CDK4
gRNA_517,ATGGGACAGTGTACAAGGCC,GTGGGACAGTGTACAAGGCC,12,1,57751668,57751649,CG,57751647,57751646,57751665,57751661,GGACA,-,GTGGGGATCACGGGCCTTGTACACTGTCCCATAGGCACCGAC,True,True,True,CDK4
gRNA_518,GCCTATGGGACAGTGTACAA,GCCTATGGGACAGTGTACAA,12,1,57751672,57751653,GG,57751651,57751650,57751669,57751665,TATGG,-,GGATCACGGGCCTTGTACACTGTCCCATAGGCACCGACACCA,True,True,False,CDK4
gRNA_519,TGCCTATGGGACAGTGTACA,GGCCTATGGGACAGTGTACA,12,1,57751673,57751654,AG,57751652,57751651,57751670,57751666,CTATG,-,GATCACGGGCCTTGTACACTGTCCCATAGGCACCGACACCAA,True,True,True,CDK4
gRNA_520,TGTCGGTGCCTATGGGACAG,GGTCGGTGCCTATGGGACAG,12,1,57751679,57751660,TG,57751658,57751657,57751676,57751672,CGGTG,-,GGGCCTTGTACACTGTCCCATAGGCACCGACACCAATTTCAG,True,False,True,CDK4
gRNA_521,GGTGTCGGTGCCTATGGGAC,GGTGTCGGTGCCTATGGGAC,12,1,57751681,57751662,AG,57751660,57751659,57751678,57751674,GTCGG,-,GCCTTGTACACTGTCCCATAGGCACCGACACCAATTTCAGCC,True,False,True,CDK4
gRNA_522,AATTGGTGTCGGTGCCTATG,GATTGGTGTCGGTGCCTATG,12,1,57751685,57751666,GG,57751664,57751663,57751682,57751678,TGGTG,-,TGTACACTGTCCCATAGGCACCGACACCAATTTCAGCCACTG,True,False,False,CDK4
gRNA_523,AAATTGGTGTCGGTGCCTAT,GAATTGGTGTCGGTGCCTAT,12,1,57751686,57751667,GG,57751665,57751664,57751683,57751679,TTGGT,-,GTACACTGTCCCATAGGCACCGACACCAATTTCAGCCACTGG,True,False,False,CDK4
gRNA_524,GAAATTGGTGTCGGTGCCTA,GAAATTGGTGTCGGTGCCTA,12,1,57751687,57751668,TG,57751666,57751665,57751684,57751680,ATTGG,-,TACACTGTCCCATAGGCACCGACACCAATTTCAGCCACTGGC,True,True,False,CDK4
gRNA_525,GTGGCTGAAATTGGTGTCGG,GTGGCTGAAATTGGTGTCGG,12,1,57751693,57751674,TG,57751672,57751671,57751690,57751686,GCTGA,-,GTCCCATAGGCACCGACACCAATTTCAGCCACTGGCTCATAT,True,True,True,CDK4
gRNA_526,CAGTGGCTGAAATTGGTGTC,GAGTGGCTGAAATTGGTGTC,12,1,57751695,57751676,GG,57751674,57751673,57751692,57751688,TGGCT,-,CCCATAGGCACCGACACCAATTTCAGCCACTGGCTCATATCG,True,False,True,CDK4
gRNA_527,CCAGTGGCTGAAATTGGTGT,GCAGTGGCTGAAATTGGTGT,12,1,57751696,57751677,CG,57751675,57751674,57751693,57751689,GTGGC,-,CCATAGGCACCGACACCAATTTCAGCCACTGGCTCATATCGA,True,False,True,CDK4
gRNA_528,GAGCCAGTGGCTGAAATTGG,GAGCCAGTGGCTGAAATTGG,12,1,57751699,57751680,TG,57751678,57751677,57751696,57751692,CCAGT,-,TAGGCACCGACACCAATTTCAGCCACTGGCTCATATCGAGAG,True,True,True,CDK4
gRNA_529,ATGAGCCAGTGGCTGAAATT,GTGAGCCAGTGGCTGAAATT,12,1,57751701,57751682,GG,57751680,57751679,57751698,57751694,AGCCA,-,GGCACCGACACCAATTTCAGCCACTGGCTCATATCGAGAGGT,True,True,True,CDK4
gRNA_530,TATGAGCCAGTGGCTGAAAT,GATGAGCCAGTGGCTGAAAT,12,1,57751702,57751683,TG,57751681,57751680,57751699,57751695,GAGCC,-,GCACCGACACCAATTTCAGCCACTGGCTCATATCGAGAGGTA,True,True,True,CDK4
gRNA_531,TCTCGATATGAGCCAGTGGC,GCTCGATATGAGCCAGTGGC,12,1,57751708,57751689,TG,57751687,57751686,57751705,57751701,CGATA,-,ACACCAATTTCAGCCACTGGCTCATATCGAGAGGTAGCCATT,True,True,True,CDK4
gRNA_532,ACCTCTCGATATGAGCCAGT,GCCTCTCGATATGAGCCAGT,12,1,57751711,57751692,GG,57751690,57751689,57751708,57751704,TCTCG,-,CCAATTTCAGCCACTGGCTCATATCGAGAGGTAGCCATTCTC,True,False,True,CDK4
gRNA_533,TACCTCTCGATATGAGCCAG,GACCTCTCGATATGAGCCAG,12,1,57751712,57751693,TG,57751691,57751690,57751709,57751705,CTCTC,-,CAATTTCAGCCACTGGCTCATATCGAGAGGTAGCCATTCTCA,True,False,True,CDK4
gRNA_534,GCTACCTCTCGATATGAGCC,GCTACCTCTCGATATGAGCC,12,1,57751714,57751695,AG,57751693,57751692,57751711,57751707,ACCTC,-,ATTTCAGCCACTGGCTCATATCGAGAGGTAGCCATTCTCAGA,True,True,True,CDK4
gRNA_535,AATGGCTACCTCTCGATATG,GATGGCTACCTCTCGATATG,12,1,57751718,57751699,AG,57751697,57751696,57751715,57751711,GGCTA,-,CAGCCACTGGCTCATATCGAGAGGTAGCCATTCTCAGATCAA,True,True,True,CDK4
gRNA_536,AGAATGGCTACCTCTCGATA,GGAATGGCTACCTCTCGATA,12,1,57751720,57751701,TG,57751699,57751698,57751717,57751713,ATGGC,-,GCCACTGGCTCATATCGAGAGGTAGCCATTCTCAGATCAAGG,True,True,True,CDK4
