,Sample ID,Protospacer,Barcode,barcode_predicted,proto_id,bc_id,proto_pool,bc_pool,proto_bc_match
0,CDK1_1,GGGGAAGCTGAGGCAGGAAT,CAGCATATCCTAC,AGGGTCAGCTAAG,gRNA_CDK9_targ_1458,gRNA_CDK7_targ_407,F1-R1,F1-R1,False
1,CDK1_2,GGGCAGGGTCCAGCACCAGC,TACTCCGGCTCGT,TACTCCGGCTCGT,gRNA_CDK9_targ_1650,gRNA_CDK9_targ_1650,F1-R1,F1-R1,True
2,CDK1_3,GAGCTGACATGGGCTTTGCC,CGAAATCGAGAGG,CCGAATAGAACAA,gRNA_CDK8_targ_571,gRNA_CDK9_targ_1396,F1-R1,F1-R1,False
3,CDK1_4,GTTCAGTCTACGGGCGCGGG,ACGGGCAGGCAGG,,,gRNA_nt_8894,,F1-R1,False
4,CDK1_5,GCCCCGGAGCTGTTGCTCGG,TCGGATGCCTGAG,GTTACTGGTGTAG,gRNA_CDK9_targ_1239,gRNA_CDK19_targ_6920,F1-R1,F1-R1,False
5,CDK1_6,GCTCACCTGTCCCTCCCCAA,TGGATAGATAGGC,TGGATAGATAGGC,gRNA_CDK7_targ_240,gRNA_CDK7_targ_240,F1-R1,F1-R1,True
6,CDK1_7,GCAGGTCCTCGACCCGCTCC,CAGGGTTACGTTA,CCAAATCTTGAAT,gRNA_CDK8_targ_753,gRNA_CDK8_targ_713,F1-R1,F1-R1,False
7,CDK1_8,GAACAAGAAGCCACGGCTAG,GCCGATAGTTCTC,GCCGATAGTTCTC,gRNA_CDK19_targ_6639,gRNA_CDK19_targ_6639,F1-R1,F1-R1,True
8,CDK1_9,GCAGCTGACATCCAGGTGTT,CNNCCTCTATACT,CCGCCTCTATACT,gRNA_CDK7_targ_397,,F1-R1,,False
9,CDK1_10,GCTAGGATGTATGGTGTAGG,GGCAGGAGTATTC,GGCAGGAGTATTC,gRNA_CDK7_targ_131,gRNA_CDK7_targ_131,F1-R1,F1-R1,True
10,CDK1_11,GACCCAGTTAGCATGCAGGT,TGAATGCCATGCT,CGTGGGTCTACTT,gRNA_CDK8_targ_824,gRNA_CDK8_targ_1035,F1-R1,F1-R1,False
11,CDK1_14,GACGTTTGGCCACACCTGGG,CTGGAACTATCAT,CTGGAACTATCAT,gRNA_CDK9_targ_1617,gRNA_CDK9_targ_1617,F1-R1,F1-R1,True
12,CDK1_15,GAGTCCATTGTCACAGCCTC,GATTTCACCACAG,ATTGCTAGCATGA,gRNA_CDK8_targ_745,gRNA_CDK8_targ_1026,F1-R1,F1-R1,False
13,CDK2_2,GGGCCTGAGCTGGGCGGAGA,CTCTATGTGCGAA,CTCTATGTGCGAA,gRNA_CDK13_targ_3975,gRNA_CDK13_targ_3975,F2-R2,F2-R2,True
14,CDK2_6,GTGACCCCGCTGGTGGAATA,CACGCCACAGCCA,CACGCCACAGCCA,gRNA_CDK13_targ_4114,gRNA_CDK13_targ_4114,F2-R2,F2-R2,True
15,CDK2_10,GTATTTTATTTAGCTGCTGT,CGGTTCCTCAAGA,CGGTTCCTCAAGA,gRNA_CDK13_targ_5997,gRNA_CDK13_targ_5997,F2-R2,F2-R2,True
16,CDK2_14,GTAAAGATTTGAAAGCACAG,CATTCAGATTAAG,ATGATTAGCTATG,gRNA_CDK12_targ_2109,gRNA_CDK12_targ_2620,F2-R2,F2-R2,False
17,CDK3_1,GCGCGATGCACTACTCGGTG,ACGGCAGCATCGG,ACGGCAGCATCGG,gRNA_CDK6_targ_8121,gRNA_CDK6_targ_8121,F3-R3,F3-R3,True
18,CDK3_2,GCCGGAGTGAGCAATGGAGT,CCTTGCAACCATC,CCTTGCAACCATC,gRNA_CDK4_targ_7699,gRNA_CDK4_targ_7699,F3-R3,F3-R3,True
19,CDK3_3,GCTGAATGGATGTGGCAACA,TACCTGACGCGTC,TACCTGACGCGTC,gRNA_CDK6_intron_8799,gRNA_CDK6_intron_8799,F3-R3,F3-R3,True
20,CDK3_4,GTTGATCGTTTCGGCTGGCA,TTGCCCTGTCAAA,TTGCCCTGTCAAA,gRNA_CDK4_targ_7612,gRNA_CDK4_targ_7612,F3-R3,F3-R3,True
21,CDK3_5,GGGCTGCATCTTTGCTGAGA,TGAGTTAAGTTGC,TGAGTTAAGTTGC,gRNA_CDK2_targ_7108,gRNA_CDK2_targ_7108,F3-R3,F3-R3,True
22,CDK3_6,GAGATGGCTCTAACCTCAGT,CCAATACGCACGC,GAGTACGGCGCGA,gRNA_CDK6_targ_8327,gRNA_CDK4_targ_7686,F3-R3,F3-R3,False
23,CDK3_7,GGAATGGCTACCTCTCGATA,CATGAGGTTCTCA,CATGAGGTTCTCA,gRNA_CDK4_targ_7974,gRNA_CDK4_targ_7974,F3-R3,F3-R3,True
24,CDK3_8,GACTTTACTAAAATCTTGCC,CAGGAGTAGCACA,GACTCCAAACAGA,gRNA_CDK2_targ_7398,gRNA_CDK4_targ_7481,F3-R3,F3-R3,False
25,CDK3_9,GCACCTCGCGGATGGTGGAG,AGTCAGAGGATTA,AGTCAGAGGATTA,gRNA_CDK6_targ_8175,gRNA_CDK6_targ_8175,F3-R3,F3-R3,True
26,CDK3_10,GCTCACGAACTGTGCTGATG,GGTGTTAAGGAAG,CGGCTTGACCTAA,gRNA_CDK4_targ_7659,gRNA_CDK6_targ_8410,F3-R3,F3-R3,False
27,CDK3_11,GAGGCAGCCCAATCAGGCTG,CCTTATGCGCAGA,CCTTATGCGCAGA,gRNA_CDK4_targ_7513,gRNA_CDK4_targ_7513,F3-R3,F3-R3,True
28,CDK3_13,GAATAAAACTCGCTGACTTC,TTCGGATGGCGAT,AACTACTCCCAAT,gRNA_CDK6_targ_8336,gRNA_CDK4_intron_8768,F3-R3,F3-R3,False
29,CDK3_14,GTCCACCATCCGCGAGGTGG,GGGCCTGAGGTTA,AAAGATGTGTTTC,gRNA_CDK6_targ_8408,gRNA_CDK4_targ_7887,F3-R3,F3-R3,False
30,CDK3_15,GGTTAAAAGTCAGCATTTCC,GGGCTCATAAGTT,GGGCTCATAAGTT,gRNA_CDK4_targ_7465,gRNA_CDK4_targ_7465,F3-R3,F3-R3,True
