Gene,Mutation,Drug,Evidence_Level,Codon
ABL1,T315I,Bosutinib,R1,315
ABL1,F359I,Imatinib,R1,359
ABL1,F359V,Imatinib,R1,359
ABL1,G250E,Imatinib,R1,250
ABL1,T315A,Imatinib,R1,315
ABL1,V299L,Imatinib,R1,299
ABL1,Y253H,Imatinib,R1,253
ABL1,E255K,Nilotinib,R1,255
ABL1,E255V,Nilotinib,R1,255
ABL1,F359C,Imatinib,R1,359
ABL1,F359C,Nilotinib,R1,359
ABL1,F359V,Nilotinib,R1,359
ABL1,G250E,Nilotinib,R1,250
ABL1,Y253H,Nilotinib,R1,253
ABL1,F317C,Dasatanib,R1,317
ABL1,F317I,Dasatanib,R1,317
ABL1,F317L,Dasatanib,R1,317
ABL1,F317V,Dasatanib,R1,317
ABL1,T315A,Dasatanib,R1,315
ABL1,F359I,Nilotinib,R1,359
ABL1,F317V,Imatinib,R1,317
ABL1,F317L,Imatinib,R1,317
ABL1,F317I,Imatinib,R1,317
ABL1,T315I,Dasatinib,R1,315
ABL1,T315I,Imatinib,R1,315
ABL1,T315I,Nilotinib,R1,315
ABL1,T315I,Bosutinib,R1,315
ABL1,T315I,Dasatinib,R1,315
ABL1,T315I,Imatinib,R1,315
ABL1,T315I,Nilotinib,R1,315
ABL1,V299L,Dasatanib,R1,299
ABL1,F317L,Bosutinib,R1,317
ABL1,V299L,Bosutinib,R1,299
ABL1,G250E,Bosutinib,R1,250
ABL1,E255K,Imatinib,R1,255
ABL1,E255V,Imatinib,R1,255
ABL1,F317C,Imatinib,R1,317
ALK,G1202R,Brigatinib,R2,1202
ALK,I1171N,Alectinib,R2,1171
ALK,L1196M,Crizotinib,R2,1196
ALK,G1202R,Alectinib,R2,1202
ALK,C1156Y,Crizotinib,R2,1156
ALK,G1202R,Ceritinib,R2,1202
ALK,G1202R,Crizotinib,R2,1202
ALK,G1269A,Crizotinib,R2,1269
BTK,C481F,Ibrutinib,R2,481
BTK,T474S,Ibrutinib,R2,474
BTK,T474I,Ibrutinib,R2,474
BTK,T316A,Ibrutinib,R2,316
BTK,C481Y,Ibrutinib,R2,481
BTK,C481S,Ibrutinib,R1,481
BTK,C481R,Ibrutinib,R2,481
EGFR,L718Q,Osimertinib,R2,718
EGFR,L718V,Osimertinib,R2,718
EGFR,L792H,Osimertinib,R2,792
EGFR,S492R,Cetuximab,R2,492
EGFR,S464L,Cetuximab,R2,464
EGFR,S464L,Panitumumab,R2,464
EGFR,S492R,Panitumumab,R2,492
EGFR,V441D,Cetuximab,R2,441
EGFR,V441D,Panitumumab,R2,441
EGFR,V441G,Cetuximab,R2,441
EGFR,V441G,Panitumumab,R2,441
EGFR,G724S,Osimertinib,R2,724
EGFR,G465R,Panitumumab,R2,465
EGFR,L792F,Osimertinib,R2,792
EGFR,G465E,Panitumumab,R2,465
EGFR,G465E,Cetuximab,R2,465
EGFR,D761Y,Gefitinib,R2,761
EGFR,C797S,Osimertinib,R2,797
EGFR,C797G,Osimertinib,R2,797
EGFR,T790M,Afatinib,R1,790
EGFR,G465R,Cetuximab,R2,465
EGFR,T790M,Erlotinib,R1,790
EGFR,T790M,Gefitinib,R1,790
KIT,D820,Sunitinib,R2,820
KIT,N822,Imatinib,R2,822
KIT,N822,Sunitinib,R2,822
KIT,V654A,Imatinib,R2,654
KIT,D820,Imatinib,R2,820
KIT,Y823D,Imatinib,R2,823
KIT,Y823D,Sunitinib,R2,823
KIT,T670I,Imatinib,R2,670
KIT,D816,Sunitinib,R2,816
KIT,A829P,Imatinib,R2,829
KIT,C809G,Sunitinib,R2,809
KIT,C809G,Imatinib,R2,809
KIT,A829P,Sunitinib,R2,829
KIT,D816,Imatinib,R2,816
MET,Y1230H,Crizotinib,R2,1230
MET,D1228N,Crizotinib,R2,1228
MET,Y1230H,Capmatinib,R2,1230
MET,D1228N,Cabozantinib,R2,1228
MET,D1228N,Capmatinib,R2,1228
NTRK1,G595R,Entrectinib,R2,595
NTRK1,G595R,Larotrectinib,R1,595
NTRK3,G696A,Larotrectinib,R1,696
NTRK3,F617L,Larotrectinib,R1,617
NTRK3,G623R,Larotrectinib,R1,623
PDGFRA,D842V,Imatinib,R1,842
ROS1,L2086F,Lorlatinib,R2,2086
ROS1,G2032R,Crizotinib,R2,2032
ROS1,G2032R,Lorlatinib,R2,2032
ROS1,L2086F,Repotrectinib,R2,2086
